preflight	Set up job	﻿2026-10-04T05:03:45.4150479Z Current runner version: '2.337.0'
preflight	Set up job	2026-10-04T05:03:45.4187153Z ##[group]Runner Image Provisioner
preflight	Set up job	2026-10-04T05:03:45.4188551Z Hosted Compute Agent
preflight	Set up job	2026-10-04T05:03:45.4189892Z Version: 20260901.588
preflight	Set up job	2026-10-04T05:03:45.4190981Z Commit: f88ec8081b781fac6c440065ac7ff9e710ce3d0b
preflight	Set up job	2026-10-04T05:03:45.4192254Z Build Date: 2026-09-01T19:56:44Z
preflight	Set up job	2026-10-04T05:03:45.4193491Z Worker ID: {95a86441-2870-46b8-a5b7-3f425155b31d}
preflight	Set up job	2026-10-04T05:03:45.4195193Z Azure Region: eastus
preflight	Set up job	2026-10-04T05:03:45.4196287Z ##[endgroup]
preflight	Set up job	2026-10-04T05:03:45.4198542Z ##[group]Operating System
preflight	Set up job	2026-10-04T05:03:45.4200046Z Ubuntu
preflight	Set up job	2026-10-04T05:03:45.4200945Z 24.04.5
preflight	Set up job	2026-10-04T05:03:45.4201879Z LTS
preflight	Set up job	2026-10-04T05:03:45.4202767Z ##[endgroup]
preflight	Set up job	2026-10-04T05:03:45.4203716Z ##[group]Runner Image
preflight	Set up job	2026-10-04T05:03:45.4204842Z Image: ubuntu-24.04
preflight	Set up job	2026-10-04T05:03:45.4205790Z Version: 20260927.320.1
preflight	Set up job	2026-10-04T05:03:45.4207703Z Included Software: https://github.com/actions/runner-images/blob/ubuntu24/20260927.320/images/ubuntu/Ubuntu2404-Readme.md
preflight	Set up job	2026-10-04T05:03:45.4211105Z Image Release: https://github.com/actions/runner-images/releases/tag/ubuntu24%2F20260927.320
preflight	Set up job	2026-10-04T05:03:45.4212795Z ##[endgroup]
preflight	Set up job	2026-10-04T05:03:45.4214867Z ##[group]GITHUB_TOKEN Permissions
preflight	Set up job	2026-10-04T05:03:45.4217755Z Actions: read
preflight	Set up job	2026-10-04T05:03:45.4218819Z Contents: read
preflight	Set up job	2026-10-04T05:03:45.4220212Z Metadata: read
preflight	Set up job	2026-10-04T05:03:45.4221187Z ##[endgroup]
preflight	Set up job	2026-10-04T05:03:45.4224315Z Secret source: Actions
preflight	Set up job	2026-10-04T05:03:45.4225891Z Cache mode: write
preflight	Set up job	2026-10-04T05:03:45.4227458Z Prepare workflow directory
preflight	Set up job	2026-10-04T05:03:45.4702464Z Prepare all required actions
preflight	Set up job	2026-10-04T05:03:45.4752038Z Getting action download info
preflight	Set up job	2026-10-04T05:03:45.6737772Z Download action repository 'actions/checkout@v4' (SHA:11d5960a326750d5838078e36cf38b85af677262)
preflight	Set up job	2026-10-04T05:03:45.7750769Z Download action repository 'actions/setup-node@v4' (SHA:49933ea5288caeca8642d1e84afbd3f7d6820020)
preflight	Set up job	2026-10-04T05:03:45.8620138Z Download action repository 'actions/upload-artifact@v4' (SHA:ea165f8d65b6e75b540449e92b4886f43607fa02)
preflight	Set up job	2026-10-04T05:03:46.0875326Z Complete job name: preflight
preflight	Run actions/checkout@v4	﻿2026-10-04T05:03:46.1711291Z ##[group]Run actions/checkout@v4
preflight	Run actions/checkout@v4	2026-10-04T05:03:46.1712227Z with:
preflight	Run actions/checkout@v4	2026-10-04T05:03:46.1712668Z   fetch-depth: 0
preflight	Run actions/checkout@v4	2026-10-04T05:03:46.1713138Z   repository: Qnia28/sfinder_wasm
preflight	Run actions/checkout@v4	2026-10-04T05:03:46.1717097Z   token: ***
preflight	Run actions/checkout@v4	2026-10-04T05:03:46.1717538Z   ssh-strict: true
preflight	Run actions/checkout@v4	2026-10-04T05:03:46.1717974Z   ssh-user: git
preflight	Run actions/checkout@v4	2026-10-04T05:03:46.1718422Z   persist-credentials: true
preflight	Run actions/checkout@v4	2026-10-04T05:03:46.1718949Z   clean: true
preflight	Run actions/checkout@v4	2026-10-04T05:03:46.1719620Z   sparse-checkout-cone-mode: true
preflight	Run actions/checkout@v4	2026-10-04T05:03:46.1720170Z   fetch-tags: false
preflight	Run actions/checkout@v4	2026-10-04T05:03:46.1720631Z   show-progress: true
preflight	Run actions/checkout@v4	2026-10-04T05:03:46.1721093Z   lfs: false
preflight	Run actions/checkout@v4	2026-10-04T05:03:46.1721519Z   submodules: false
preflight	Run actions/checkout@v4	2026-10-04T05:03:46.1721979Z   set-safe-directory: true
preflight	Run actions/checkout@v4	2026-10-04T05:03:46.1722480Z   allow-unsafe-pr-checkout: false
preflight	Run actions/checkout@v4	2026-10-04T05:03:46.1723307Z ##[endgroup]
preflight	Run actions/checkout@v4	2026-10-04T05:03:46.2799685Z Syncing repository: Qnia28/sfinder_wasm
preflight	Run actions/checkout@v4	2026-10-04T05:03:46.2802718Z ##[group]Getting Git version info
preflight	Run actions/checkout@v4	2026-10-04T05:03:46.2803770Z Working directory is '/home/runner/work/sfinder_wasm/sfinder_wasm'
preflight	Run actions/checkout@v4	2026-10-04T05:03:46.2805064Z [command]/usr/bin/git version
preflight	Run actions/checkout@v4	2026-10-04T05:03:46.2867361Z git version 2.55.0
preflight	Run actions/checkout@v4	2026-10-04T05:03:46.2931386Z ##[endgroup]
preflight	Run actions/checkout@v4	2026-10-04T05:03:46.2938406Z Temporarily overriding HOME='/home/runner/work/_temp/81537903-0f11-4df8-8367-43cb474a33dc' before making global git config changes
preflight	Run actions/checkout@v4	2026-10-04T05:03:46.2941435Z Adding repository directory to the temporary git global config as a safe directory
preflight	Run actions/checkout@v4	2026-10-04T05:03:46.2943882Z [command]/usr/bin/git config --global --add safe.directory /home/runner/work/sfinder_wasm/sfinder_wasm
preflight	Run actions/checkout@v4	2026-10-04T05:03:46.2981496Z Deleting the contents of '/home/runner/work/sfinder_wasm/sfinder_wasm'
preflight	Run actions/checkout@v4	2026-10-04T05:03:46.2987482Z ##[group]Initializing the repository
preflight	Run actions/checkout@v4	2026-10-04T05:03:46.2992160Z [command]/usr/bin/git init /home/runner/work/sfinder_wasm/sfinder_wasm
preflight	Run actions/checkout@v4	2026-10-04T05:03:46.3142801Z hint: Using 'master' as the name for the initial branch. This default branch name
preflight	Run actions/checkout@v4	2026-10-04T05:03:46.3156585Z hint: will change to "main" in Git 3.0. To configure the initial branch name
preflight	Run actions/checkout@v4	2026-10-04T05:03:46.3161365Z hint: to use in all of your new repositories, which will suppress this warning,
preflight	Run actions/checkout@v4	2026-10-04T05:03:46.3162534Z hint: call:
preflight	Run actions/checkout@v4	2026-10-04T05:03:46.3163392Z hint:
preflight	Run actions/checkout@v4	2026-10-04T05:03:46.3164540Z hint: 	git config --global init.defaultBranch <name>
preflight	Run actions/checkout@v4	2026-10-04T05:03:46.3165572Z hint:
preflight	Run actions/checkout@v4	2026-10-04T05:03:46.3166490Z hint: Names commonly chosen instead of 'master' are 'main', 'trunk' and
preflight	Run actions/checkout@v4	2026-10-04T05:03:46.3167996Z hint: 'development'. The just-created branch can be renamed via this command:
preflight	Run actions/checkout@v4	2026-10-04T05:03:46.3169484Z hint:
preflight	Run actions/checkout@v4	2026-10-04T05:03:46.3170241Z hint: 	git branch -m <name>
preflight	Run actions/checkout@v4	2026-10-04T05:03:46.3171006Z hint:
preflight	Run actions/checkout@v4	2026-10-04T05:03:46.3172009Z hint: Disable this message with "git config set advice.defaultBranchName false"
preflight	Run actions/checkout@v4	2026-10-04T05:03:46.3173777Z Initialized empty Git repository in /home/runner/work/sfinder_wasm/sfinder_wasm/.git/
preflight	Run actions/checkout@v4	2026-10-04T05:03:46.3176863Z [command]/usr/bin/git remote add origin https://github.com/Qnia28/sfinder_wasm
preflight	Run actions/checkout@v4	2026-10-04T05:03:46.3214651Z ##[endgroup]
preflight	Run actions/checkout@v4	2026-10-04T05:03:46.3215857Z ##[group]Disabling automatic garbage collection
preflight	Run actions/checkout@v4	2026-10-04T05:03:46.3219763Z [command]/usr/bin/git config --local gc.auto 0
preflight	Run actions/checkout@v4	2026-10-04T05:03:46.3255003Z ##[endgroup]
preflight	Run actions/checkout@v4	2026-10-04T05:03:46.3256237Z ##[group]Setting up auth
preflight	Run actions/checkout@v4	2026-10-04T05:03:46.3262616Z [command]/usr/bin/git config --local --name-only --get-regexp core\.sshCommand
preflight	Run actions/checkout@v4	2026-10-04T05:03:46.3312011Z [command]/usr/bin/git submodule foreach --recursive sh -c "git config --local --name-only --get-regexp 'core\.sshCommand' && git config --local --unset-all 'core.sshCommand' || :"
preflight	Run actions/checkout@v4	2026-10-04T05:03:46.3721052Z [command]/usr/bin/git config --local --name-only --get-regexp http\.https\:\/\/github\.com\/\.extraheader
preflight	Run actions/checkout@v4	2026-10-04T05:03:46.3764625Z [command]/usr/bin/git submodule foreach --recursive sh -c "git config --local --name-only --get-regexp 'http\.https\:\/\/github\.com\/\.extraheader' && git config --local --unset-all 'http.https://github.com/.extraheader' || :"
preflight	Run actions/checkout@v4	2026-10-04T05:03:46.3993551Z [command]/usr/bin/git config --local --name-only --get-regexp ^includeIf\.gitdir:
preflight	Run actions/checkout@v4	2026-10-04T05:03:46.4033925Z [command]/usr/bin/git submodule foreach --recursive git config --local --show-origin --name-only --get-regexp remote.origin.url
preflight	Run actions/checkout@v4	2026-10-04T05:03:46.4291476Z [command]/usr/bin/git config --local http.https://github.com/.extraheader AUTHORIZATION: basic ***
preflight	Run actions/checkout@v4	2026-10-04T05:03:46.4336289Z ##[endgroup]
preflight	Run actions/checkout@v4	2026-10-04T05:03:46.4337795Z ##[group]Fetching the repository
preflight	Run actions/checkout@v4	2026-10-04T05:03:46.4349099Z [command]/usr/bin/git -c protocol.version=2 fetch --prune --no-recurse-submodules origin +refs/heads/*:refs/remotes/origin/* +refs/tags/*:refs/tags/*
preflight	Run actions/checkout@v4	2026-10-04T05:03:54.7167365Z From https://github.com/Qnia28/sfinder_wasm
preflight	Run actions/checkout@v4	2026-10-04T05:03:54.7173878Z  * [new branch]      experiment/integrated-bench-20261002 -> origin/experiment/integrated-bench-20261002
preflight	Run actions/checkout@v4	2026-10-04T05:03:54.7178213Z  * [new branch]      experiment/integrated-capture-20261002 -> origin/experiment/integrated-capture-20261002
preflight	Run actions/checkout@v4	2026-10-04T05:03:54.7182418Z  * [new branch]      experiment/saves-ci-20261002 -> origin/experiment/saves-ci-20261002
preflight	Run actions/checkout@v4	2026-10-04T05:03:54.7186451Z  * [new branch]      experiment/threshold-engine-20261003 -> origin/experiment/threshold-engine-20261003
preflight	Run actions/checkout@v4	2026-10-04T05:03:54.7190771Z  * [new branch]      integration/a0-m1-selectable-20261004 -> origin/integration/a0-m1-selectable-20261004
preflight	Run actions/checkout@v4	2026-10-04T05:03:54.7194724Z  * [new branch]      integration/a0-minimal-20261003 -> origin/integration/a0-minimal-20261003
preflight	Run actions/checkout@v4	2026-10-04T05:03:54.7196779Z  * [new branch]      main                   -> origin/main
preflight	Run actions/checkout@v4	2026-10-04T05:03:54.7198405Z  * [new branch]      test/a0-cycle1-actions -> origin/test/a0-cycle1-actions
preflight	Run actions/checkout@v4	2026-10-04T05:03:54.7200906Z  * [new branch]      validation/a0-diagnosis-20261003 -> origin/validation/a0-diagnosis-20261003
preflight	Run actions/checkout@v4	2026-10-04T05:03:54.7204401Z  * [new branch]      validation/a0-execution-diagnosis-20261003 -> origin/validation/a0-execution-diagnosis-20261003
preflight	Run actions/checkout@v4	2026-10-04T05:03:54.7208469Z  * [new branch]      validation/a0-four-arm-20261003 -> origin/validation/a0-four-arm-20261003
preflight	Run actions/checkout@v4	2026-10-04T05:03:54.7211842Z  * [new branch]      validation/a0-integrated-20261003 -> origin/validation/a0-integrated-20261003
preflight	Run actions/checkout@v4	2026-10-04T05:03:54.7214860Z  * [new branch]      validation/a0-m1-retest-20261004 -> origin/validation/a0-m1-retest-20261004
preflight	Run actions/checkout@v4	2026-10-04T05:03:54.7218728Z  * [new branch]      validation/a0-order-diagnosis-20261003 -> origin/validation/a0-order-diagnosis-20261003
preflight	Run actions/checkout@v4	2026-10-04T05:03:54.7224659Z  * [new branch]      validation/a0-proof-retest-20261003 -> origin/validation/a0-proof-retest-20261003
preflight	Run actions/checkout@v4	2026-10-04T05:03:54.7230702Z  * [new branch]      validation/a0-tier-diagnosis-20261003 -> origin/validation/a0-tier-diagnosis-20261003
preflight	Run actions/checkout@v4	2026-10-04T05:03:54.7238691Z [command]/usr/bin/git branch --list --remote origin/integration/a0-m1-selectable-20261004
preflight	Run actions/checkout@v4	2026-10-04T05:03:54.7242092Z   origin/integration/a0-m1-selectable-20261004
preflight	Run actions/checkout@v4	2026-10-04T05:03:54.7246954Z [command]/usr/bin/git rev-parse refs/remotes/origin/integration/a0-m1-selectable-20261004
preflight	Run actions/checkout@v4	2026-10-04T05:03:54.7262147Z 03ef21d61bb1dcbe2d68e54018ba64c12960b04b
preflight	Run actions/checkout@v4	2026-10-04T05:03:54.7266945Z ##[endgroup]
preflight	Run actions/checkout@v4	2026-10-04T05:03:54.7269086Z ##[group]Determining the checkout info
preflight	Run actions/checkout@v4	2026-10-04T05:03:54.7271573Z ##[endgroup]
preflight	Run actions/checkout@v4	2026-10-04T05:03:54.7281021Z [command]/usr/bin/git sparse-checkout disable
preflight	Run actions/checkout@v4	2026-10-04T05:03:54.7332423Z [command]/usr/bin/git config --local --unset-all extensions.worktreeConfig
preflight	Run actions/checkout@v4	2026-10-04T05:03:54.7365900Z ##[group]Checking out the ref
preflight	Run actions/checkout@v4	2026-10-04T05:03:54.7373217Z [command]/usr/bin/git checkout --progress --force -B integration/a0-m1-selectable-20261004 refs/remotes/origin/integration/a0-m1-selectable-20261004
preflight	Run actions/checkout@v4	2026-10-04T05:03:54.9406196Z Switched to a new branch 'integration/a0-m1-selectable-20261004'
preflight	Run actions/checkout@v4	2026-10-04T05:03:54.9413328Z branch 'integration/a0-m1-selectable-20261004' set up to track 'origin/integration/a0-m1-selectable-20261004'.
preflight	Run actions/checkout@v4	2026-10-04T05:03:54.9427781Z ##[endgroup]
preflight	Run actions/checkout@v4	2026-10-04T05:03:54.9483836Z [command]/usr/bin/git log -1 --format=%H
preflight	Run actions/checkout@v4	2026-10-04T05:03:54.9514781Z 03ef21d61bb1dcbe2d68e54018ba64c12960b04b
preflight	Run actions/setup-node@v4	﻿2026-10-04T05:03:54.9856706Z ##[group]Run actions/setup-node@v4
preflight	Run actions/setup-node@v4	2026-10-04T05:03:54.9857117Z with:
preflight	Run actions/setup-node@v4	2026-10-04T05:03:54.9857368Z   node-version: 24.13.0
preflight	Run actions/setup-node@v4	2026-10-04T05:03:54.9857658Z   always-auth: false
preflight	Run actions/setup-node@v4	2026-10-04T05:03:54.9857931Z   check-latest: false
preflight	Run actions/setup-node@v4	2026-10-04T05:03:54.9860568Z   token: ***
preflight	Run actions/setup-node@v4	2026-10-04T05:03:54.9860848Z ##[endgroup]
preflight	Run actions/setup-node@v4	2026-10-04T05:03:55.1288150Z Attempting to download 24.13.0...
preflight	Run actions/setup-node@v4	2026-10-04T05:03:55.1397588Z (node:2321) [DEP0040] DeprecationWarning: The `punycode` module is deprecated. Please use a userland alternative instead.
preflight	Run actions/setup-node@v4	2026-10-04T05:03:55.1399096Z (Use `node --trace-deprecation ...` to show where the warning was created)
preflight	Run actions/setup-node@v4	2026-10-04T05:03:55.5912426Z Acquiring 24.13.0 - x64 from https://github.com/actions/node-versions/releases/download/24.13.0-20981653924/node-24.13.0-linux-x64.tar.gz
preflight	Run actions/setup-node@v4	2026-10-04T05:03:56.0487119Z Extracting ...
preflight	Run actions/setup-node@v4	2026-10-04T05:03:56.0624285Z [command]/usr/bin/tar xz --strip 1 --warning=no-unknown-keyword --overwrite -C /home/runner/work/_temp/360b81de-79ae-4b96-b79d-42738ddc4669 -f /home/runner/work/_temp/f68988a0-f12e-49b5-90b1-86aaccdab2d6
preflight	Run actions/setup-node@v4	2026-10-04T05:03:57.2904280Z Adding to the cache ...
preflight	Run actions/setup-node@v4	2026-10-04T05:03:59.4568384Z ##[group]Environment details
preflight	Run actions/setup-node@v4	2026-10-04T05:03:59.6963696Z node: v24.13.0
preflight	Run actions/setup-node@v4	2026-10-04T05:03:59.6964448Z npm: 11.6.2
preflight	Run actions/setup-node@v4	2026-10-04T05:03:59.6964977Z yarn: 1.22.22
preflight	Run actions/setup-node@v4	2026-10-04T05:03:59.6966022Z ##[endgroup]
preflight	Freeze absolute origin (requires separately authorized launch.json)	﻿2026-10-04T05:03:59.7172483Z ##[group]Run node experiments/a0-m1-on-off-20261004/origin.mjs
preflight	Freeze absolute origin (requires separately authorized launch.json)	2026-10-04T05:03:59.7173043Z ^[[36;1mnode experiments/a0-m1-on-off-20261004/origin.mjs^[[0m
preflight	Freeze absolute origin (requires separately authorized launch.json)	2026-10-04T05:03:59.7446061Z shell: /usr/bin/bash -e {0}
preflight	Freeze absolute origin (requires separately authorized launch.json)	2026-10-04T05:03:59.7446520Z env:
preflight	Freeze absolute origin (requires separately authorized launch.json)	2026-10-04T05:03:59.7450788Z   GH_TOKEN: ***
preflight	Freeze absolute origin (requires separately authorized launch.json)	2026-10-04T05:03:59.7451118Z ##[endgroup]
preflight	Rebuild isolated candidate and unchanged baseline (pinned toolchain)	﻿2026-10-04T05:04:00.1500093Z ##[group]Run rustup toolchain install 1.90.0 --profile minimal --target wasm32-unknown-unknown
preflight	Rebuild isolated candidate and unchanged baseline (pinned toolchain)	2026-10-04T05:04:00.1500873Z ^[[36;1mrustup toolchain install 1.90.0 --profile minimal --target wasm32-unknown-unknown^[[0m
preflight	Rebuild isolated candidate and unchanged baseline (pinned toolchain)	2026-10-04T05:04:00.1501586Z ^[[36;1mrustup default 1.90.0^[[0m
preflight	Rebuild isolated candidate and unchanged baseline (pinned toolchain)	2026-10-04T05:04:00.1501886Z ^[[36;1munset RUSTFLAGS CARGO_ENCODED_RUSTFLAGS^[[0m
preflight	Rebuild isolated candidate and unchanged baseline (pinned toolchain)	2026-10-04T05:04:00.1502214Z ^[[36;1mnpm ci --ignore-scripts^[[0m
preflight	Rebuild isolated candidate and unchanged baseline (pinned toolchain)	2026-10-04T05:04:00.1502544Z ^[[36;1mbash scripts/build-wasm.sh^[[0m
preflight	Rebuild isolated candidate and unchanged baseline (pinned toolchain)	2026-10-04T05:04:00.1502826Z ^[[36;1mbash scripts/build-a0-m1.sh^[[0m
preflight	Rebuild isolated candidate and unchanged baseline (pinned toolchain)	2026-10-04T05:04:00.1503138Z ^[[36;1mmkdir -p .a0-m1-build/reference/wasm^[[0m
preflight	Rebuild isolated candidate and unchanged baseline (pinned toolchain)	2026-10-04T05:04:00.1503753Z ^[[36;1mgit archive c0cb2a048e7275bfea587d176b1954efff0a8a08 rust scripts/build-wasm.sh | tar -x -C .a0-m1-build/reference^[[0m
preflight	Rebuild isolated candidate and unchanged baseline (pinned toolchain)	2026-10-04T05:04:00.1504418Z ^[[36;1mbash .a0-m1-build/reference/scripts/build-wasm.sh^[[0m
preflight	Rebuild isolated candidate and unchanged baseline (pinned toolchain)	2026-10-04T05:04:00.1504872Z ^[[36;1mcmp wasm/pc_wasm.wasm .a0-m1-build/reference/wasm/pc_wasm.wasm^[[0m
preflight	Rebuild isolated candidate and unchanged baseline (pinned toolchain)	2026-10-04T05:04:00.1505394Z ^[[36;1mcmp wasm/batch_wasm.wasm .a0-m1-build/reference/wasm/batch_wasm.wasm^[[0m
preflight	Rebuild isolated candidate and unchanged baseline (pinned toolchain)	2026-10-04T05:04:00.1505926Z ^[[36;1mnode scripts/check-a0-m1-assets.mjs --linux-reference^[[0m
preflight	Rebuild isolated candidate and unchanged baseline (pinned toolchain)	2026-10-04T05:04:00.1574199Z shell: /usr/bin/bash -e {0}
preflight	Rebuild isolated candidate and unchanged baseline (pinned toolchain)	2026-10-04T05:04:00.1574548Z ##[endgroup]
preflight	Rebuild isolated candidate and unchanged baseline (pinned toolchain)	2026-10-04T05:04:00.2138292Z info: syncing channel updates for 1.90.0-x86_64-unknown-linux-gnu
preflight	Rebuild isolated candidate and unchanged baseline (pinned toolchain)	2026-10-04T05:04:00.3381509Z info: latest update on 2025-09-18 for version 1.90.0 (1159e78c4 2025-09-14)
preflight	Rebuild isolated candidate and unchanged baseline (pinned toolchain)	2026-10-04T05:04:00.3383161Z info: downloading 4 components
preflight	Rebuild isolated candidate and unchanged baseline (pinned toolchain)	2026-10-04T05:04:09.1872830Z 
preflight	Rebuild isolated candidate and unchanged baseline (pinned toolchain)	2026-10-04T05:04:09.1950228Z   1.90.0-x86_64-unknown-linux-gnu installed - rustc 1.90.0 (1159e78c4 2025-09-14)
preflight	Rebuild isolated candidate and unchanged baseline (pinned toolchain)	2026-10-04T05:04:09.1950768Z 
preflight	Rebuild isolated candidate and unchanged baseline (pinned toolchain)	2026-10-04T05:04:09.2058047Z info: using existing install for 1.90.0-x86_64-unknown-linux-gnu
preflight	Rebuild isolated candidate and unchanged baseline (pinned toolchain)	2026-10-04T05:04:09.2065185Z info: default toolchain set to 1.90.0-x86_64-unknown-linux-gnu
preflight	Rebuild isolated candidate and unchanged baseline (pinned toolchain)	2026-10-04T05:04:09.2065643Z 
preflight	Rebuild isolated candidate and unchanged baseline (pinned toolchain)	2026-10-04T05:04:09.2141269Z   1.90.0-x86_64-unknown-linux-gnu unchanged - rustc 1.90.0 (1159e78c4 2025-09-14)
preflight	Rebuild isolated candidate and unchanged baseline (pinned toolchain)	2026-10-04T05:04:09.2141767Z 
preflight	Rebuild isolated candidate and unchanged baseline (pinned toolchain)	2026-10-04T05:04:09.6962832Z 
preflight	Rebuild isolated candidate and unchanged baseline (pinned toolchain)	2026-10-04T05:04:09.6964080Z added 1 package, and audited 2 packages in 431ms
preflight	Rebuild isolated candidate and unchanged baseline (pinned toolchain)	2026-10-04T05:04:09.6971764Z 
preflight	Rebuild isolated candidate and unchanged baseline (pinned toolchain)	2026-10-04T05:04:09.6972378Z found 0 vulnerabilities
preflight	Rebuild isolated candidate and unchanged baseline (pinned toolchain)	2026-10-04T05:04:09.7944274Z    Compiling pc-core v0.2.0 (/home/runner/work/sfinder_wasm/sfinder_wasm/rust/pc-core)
preflight	Rebuild isolated candidate and unchanged baseline (pinned toolchain)	2026-10-04T05:04:15.5440880Z    Compiling batch-wasm v0.1.0 (/home/runner/work/sfinder_wasm/sfinder_wasm/rust/batch-wasm)
preflight	Rebuild isolated candidate and unchanged baseline (pinned toolchain)	2026-10-04T05:04:15.5442753Z    Compiling pc-wasm v0.2.0 (/home/runner/work/sfinder_wasm/sfinder_wasm/rust/pc-wasm)
preflight	Rebuild isolated candidate and unchanged baseline (pinned toolchain)	2026-10-04T05:04:19.6723855Z     Finished `release` profile [optimized] target(s) in 9.92s
preflight	Rebuild isolated candidate and unchanged baseline (pinned toolchain)	2026-10-04T05:04:19.7860105Z    Compiling pc-core v0.2.0 (/home/runner/work/sfinder_wasm/sfinder_wasm/.a0-m1-build/source/rust/pc-core)
preflight	Rebuild isolated candidate and unchanged baseline (pinned toolchain)	2026-10-04T05:04:25.5231453Z    Compiling pc-wasm v0.2.0 (/home/runner/work/sfinder_wasm/sfinder_wasm/.a0-m1-build/source/rust/pc-wasm)
preflight	Rebuild isolated candidate and unchanged baseline (pinned toolchain)	2026-10-04T05:04:29.5757238Z     Finished `release` profile [optimized] target(s) in 9.84s
preflight	Rebuild isolated candidate and unchanged baseline (pinned toolchain)	2026-10-04T05:04:29.6160345Z {"status":"PASS","candidate":"c3c9a8844148341db69a1216d348a09f857f9f3259d2d5b6a2ac0517cf654530","reference":"73224bda4e514a99dfa0b97bc9ee3ada43f723cef84c419fade368045e4847f3","diagnostics":false}
preflight	Rebuild isolated candidate and unchanged baseline (pinned toolchain)	2026-10-04T05:04:29.6852665Z    Compiling pc-core v0.2.0 (/home/runner/work/sfinder_wasm/sfinder_wasm/.a0-m1-build/reference/rust/pc-core)
preflight	Rebuild isolated candidate and unchanged baseline (pinned toolchain)	2026-10-04T05:04:35.4125704Z    Compiling batch-wasm v0.1.0 (/home/runner/work/sfinder_wasm/sfinder_wasm/.a0-m1-build/reference/rust/batch-wasm)
preflight	Rebuild isolated candidate and unchanged baseline (pinned toolchain)	2026-10-04T05:04:35.4127224Z    Compiling pc-wasm v0.2.0 (/home/runner/work/sfinder_wasm/sfinder_wasm/.a0-m1-build/reference/rust/pc-wasm)
preflight	Rebuild isolated candidate and unchanged baseline (pinned toolchain)	2026-10-04T05:04:39.5062636Z     Finished `release` profile [optimized] target(s) in 9.86s
preflight	Rebuild isolated candidate and unchanged baseline (pinned toolchain)	2026-10-04T05:04:39.5510821Z {"status":"PASS","candidate":"c3c9a8844148341db69a1216d348a09f857f9f3259d2d5b6a2ac0517cf654530","reference":"73224bda4e514a99dfa0b97bc9ee3ada43f723cef84c419fade368045e4847f3","diagnostics":false}
preflight	Rust oracle and full product regression (synthetic fixtures only)	﻿2026-10-04T05:04:39.5577392Z ##[group]Run cargo test --manifest-path .a0-m1-build/source/rust/Cargo.toml -p pc-core --lib min_cover --features a0-lower-cutoff --locked --offline
preflight	Rust oracle and full product regression (synthetic fixtures only)	2026-10-04T05:04:39.5578541Z ^[[36;1mcargo test --manifest-path .a0-m1-build/source/rust/Cargo.toml -p pc-core --lib min_cover --features a0-lower-cutoff --locked --offline^[[0m
preflight	Rust oracle and full product regression (synthetic fixtures only)	2026-10-04T05:04:39.5580124Z ^[[36;1mcargo test --manifest-path .a0-m1-build/source/rust/Cargo.toml -p pc-core --lib min_cover --release --features a0-lower-cutoff --locked --offline^[[0m
preflight	Rust oracle and full product regression (synthetic fixtures only)	2026-10-04T05:04:39.5580872Z ^[[36;1mnode --test --test-concurrency=1 tests/*.test.mjs^[[0m
preflight	Rust oracle and full product regression (synthetic fixtures only)	2026-10-04T05:04:39.5581343Z ^[[36;1mnode --test experiments/a0-m1-on-off-20261004/selection.test.mjs^[[0m
preflight	Rust oracle and full product regression (synthetic fixtures only)	2026-10-04T05:04:39.5581856Z ^[[36;1mnode --test experiments/a0-m1-on-off-20261004/request.test.mjs^[[0m
preflight	Rust oracle and full product regression (synthetic fixtures only)	2026-10-04T05:04:39.5582428Z ^[[36;1mpython3 -m unittest discover -s experiments/a0-m1-on-off-20261004 -p test_analysis.py -v^[[0m
preflight	Rust oracle and full product regression (synthetic fixtures only)	2026-10-04T05:04:39.5648096Z shell: /usr/bin/bash -e {0}
preflight	Rust oracle and full product regression (synthetic fixtures only)	2026-10-04T05:04:39.5648383Z ##[endgroup]
preflight	Rust oracle and full product regression (synthetic fixtures only)	2026-10-04T05:04:39.6175381Z    Compiling pc-core v0.2.0 (/home/runner/work/sfinder_wasm/sfinder_wasm/.a0-m1-build/source/rust/pc-core)
preflight	Rust oracle and full product regression (synthetic fixtures only)	2026-10-04T05:04:42.5609769Z     Finished `test` profile [unoptimized + debuginfo] target(s) in 2.97s
preflight	Rust oracle and full product regression (synthetic fixtures only)	2026-10-04T05:04:42.5612486Z      Running unittests src/lib.rs (.a0-m1-build/source/rust/target/debug/deps/pc_core-19ec6dde4b821aba)
preflight	Rust oracle and full product regression (synthetic fixtures only)	2026-10-04T05:04:42.5624752Z 
preflight	Rust oracle and full product regression (synthetic fixtures only)	2026-10-04T05:04:42.5625002Z running 29 tests
preflight	Rust oracle and full product regression (synthetic fixtures only)	2026-10-04T05:04:42.5900945Z test min_cover::four_arm_tests::sibling_single_last_ancestor_and_budget_unwind_match_reference ... ok
preflight	Rust oracle and full product regression (synthetic fixtures only)	2026-10-04T05:04:42.6009077Z test min_cover::tests::adaptive_histogram_matches_naive_full_exact_search_on_random_matrices ... ok
preflight	Rust oracle and full product regression (synthetic fixtures only)	2026-10-04T05:04:42.6020509Z test min_cover::tests::bounded_fixed_count_exact_completes_or_returns_valid_incumbent ... ok
preflight	Rust oracle and full product regression (synthetic fixtures only)	2026-10-04T05:04:42.6221574Z test min_cover::tests::adaptive_histogram_matches_naive_fixed_k_on_random_matrices_and_budgets ... ok
preflight	Rust oracle and full product regression (synthetic fixtures only)	2026-10-04T05:04:42.6307003Z test min_cover::tests::cardinality_only_matches_exact_primary_on_random_small_matrices ... ok
preflight	Rust oracle and full product regression (synthetic fixtures only)	2026-10-04T05:04:42.6330640Z test min_cover::tests::exact_cardinality_and_quality ... ok
preflight	Rust oracle and full product regression (synthetic fixtures only)	2026-10-04T05:04:42.6341548Z test min_cover::tests::fixed_count_constant_quality_picks_lex_smallest_of_several_k_covers ... ok
preflight	Rust oracle and full product regression (synthetic fixtures only)	2026-10-04T05:04:42.6343327Z test min_cover::tests::fixed_count_positive_constant_quality_resolves_stable_id_tie ... ok
preflight	Rust oracle and full product regression (synthetic fixtures only)	2026-10-04T05:04:42.6354170Z test min_cover::tests::fixed_count_quality_matches_legacy_exact_search ... ok
preflight	Rust oracle and full product regression (synthetic fixtures only)	2026-10-04T05:04:42.6791342Z test min_cover::four_arm_tests::cutoff_predicate_matches_old_bound_including_padding_and_zero_gain ... ok
preflight	Rust oracle and full product regression (synthetic fixtures only)	2026-10-04T05:04:42.6820277Z test min_cover::tests::fixed_count_zero_quality_resolves_stable_id_tie ... ok
preflight	Rust oracle and full product regression (synthetic fixtures only)	2026-10-04T05:04:42.6850117Z test min_cover::tests::fully_locked_prefix_still_resolves_stable_id_tie ... ok
preflight	Rust oracle and full product regression (synthetic fixtures only)	2026-10-04T05:04:42.6880420Z test min_cover::tests::histogram_prefix_max_stack_restores_hidden_values_and_duplicate_rows ... ok
preflight	Rust oracle and full product regression (synthetic fixtures only)	2026-10-04T05:04:42.6910375Z test min_cover::tests::histogram_rank_compression_handles_sparse_u32_qualities ... ok
preflight	Rust oracle and full product regression (synthetic fixtures only)	2026-10-04T05:04:42.6984590Z test min_cover::tests::integrated_dominance_exact_matches_historical_on_random_small_matrices ... ok
preflight	Rust oracle and full product regression (synthetic fixtures only)	2026-10-04T05:04:42.6986376Z test min_cover::tests::integrated_dominance_timeout_incumbent_is_not_a_parity_contract ... ok
preflight	Rust oracle and full product regression (synthetic fixtures only)	2026-10-04T05:04:42.7010408Z test min_cover::tests::integrated_fixed_count_budget_returns_valid_incumbent ... ok
preflight	Rust oracle and full product regression (synthetic fixtures only)	2026-10-04T05:04:42.7100438Z test min_cover::tests::integrated_fixed_count_matches_legacy_on_random_small_matrices ... ok
preflight	Rust oracle and full product regression (synthetic fixtures only)	2026-10-04T05:04:42.7120217Z test min_cover::tests::locked_prefix_matches_full_fixed_count_search ... ok
preflight	Rust oracle and full product regression (synthetic fixtures only)	2026-10-04T05:04:42.7150463Z test min_cover::tests::partition_excludes_only_earlier_siblings_and_reduces_duplicate_branches ... ok
preflight	Rust oracle and full product regression (synthetic fixtures only)	2026-10-04T05:04:42.7159947Z test min_cover::tests::fixed_count_quality_matches_legacy_on_random_small_matrices ... ok
preflight	Rust oracle and full product regression (synthetic fixtures only)	2026-10-04T05:04:42.7274395Z test min_cover::tests::primary_kernel_preserves_exact_cardinality_on_random_small_matrices ... ok
preflight	Rust oracle and full product regression (synthetic fixtures only)	2026-10-04T05:04:42.7310517Z test min_cover::tests::production_histogram_threshold_activates_after_many_complete_covers ... ok
preflight	Rust oracle and full product regression (synthetic fixtures only)	2026-10-04T05:04:42.7340346Z test min_cover::tests::redundant_case_does_not_change_cardinality ... ok
preflight	Rust oracle and full product regression (synthetic fixtures only)	2026-10-04T05:04:42.7551181Z test min_cover::tests::single_level_fixed_count_matches_brute_force_lex_minimum ... ok
preflight	Rust oracle and full product regression (synthetic fixtures only)	2026-10-04T05:04:42.7552946Z test min_cover::tests::single_level_fully_locked_prefix_resolves_stable_id_tie ... ok
preflight	Rust oracle and full product regression (synthetic fixtures only)	2026-10-04T05:04:42.8424594Z test min_cover::tests::bounded_threshold_prefix_matches_independent_oracle ... ok
preflight	Rust oracle and full product regression (synthetic fixtures only)	2026-10-04T05:04:42.8537520Z test min_cover::tests::partitioned_integrated_matches_independent_enumeration_and_valid_bounded_incumbents ... ok
preflight	Rust oracle and full product regression (synthetic fixtures only)	2026-10-04T05:04:42.9714256Z test min_cover::four_arm_tests::current_arm_matches_frozen_a0_and_nonpartition_at_all_budget_boundaries ... ok
preflight	Rust oracle and full product regression (synthetic fixtures only)	2026-10-04T05:04:42.9715747Z 
preflight	Rust oracle and full product regression (synthetic fixtures only)	2026-10-04T05:04:42.9716551Z test result: ok. 29 passed; 0 failed; 0 ignored; 0 measured; 47 filtered out; finished in 0.41s
preflight	Rust oracle and full product regression (synthetic fixtures only)	2026-10-04T05:04:42.9717358Z 
preflight	Rust oracle and full product regression (synthetic fixtures only)	2026-10-04T05:04:42.9915583Z    Compiling pc-core v0.2.0 (/home/runner/work/sfinder_wasm/sfinder_wasm/.a0-m1-build/source/rust/pc-core)
preflight	Rust oracle and full product regression (synthetic fixtures only)	2026-10-04T05:05:07.6466640Z     Finished `release` profile [optimized] target(s) in 24.66s
preflight	Rust oracle and full product regression (synthetic fixtures only)	2026-10-04T05:05:07.6469841Z      Running unittests src/lib.rs (.a0-m1-build/source/rust/target/release/deps/pc_core-e58807b5077c5962)
preflight	Rust oracle and full product regression (synthetic fixtures only)	2026-10-04T05:05:07.6481048Z 
preflight	Rust oracle and full product regression (synthetic fixtures only)	2026-10-04T05:05:07.6481367Z running 29 tests
preflight	Rust oracle and full product regression (synthetic fixtures only)	2026-10-04T05:05:07.6527958Z test min_cover::four_arm_tests::sibling_single_last_ancestor_and_budget_unwind_match_reference ... ok
preflight	Rust oracle and full product regression (synthetic fixtures only)	2026-10-04T05:05:07.6531955Z test min_cover::tests::adaptive_histogram_matches_naive_full_exact_search_on_random_matrices ... ok
preflight	Rust oracle and full product regression (synthetic fixtures only)	2026-10-04T05:05:07.6550530Z test min_cover::tests::bounded_fixed_count_exact_completes_or_returns_valid_incumbent ... ok
preflight	Rust oracle and full product regression (synthetic fixtures only)	2026-10-04T05:05:07.6615339Z test min_cover::four_arm_tests::cutoff_predicate_matches_old_bound_including_padding_and_zero_gain ... ok
preflight	Rust oracle and full product regression (synthetic fixtures only)	2026-10-04T05:05:07.6617153Z test min_cover::tests::adaptive_histogram_matches_naive_fixed_k_on_random_matrices_and_budgets ... ok
preflight	Rust oracle and full product regression (synthetic fixtures only)	2026-10-04T05:05:07.6640385Z test min_cover::tests::exact_cardinality_and_quality ... ok
preflight	Rust oracle and full product regression (synthetic fixtures only)	2026-10-04T05:05:07.6641507Z test min_cover::tests::fixed_count_constant_quality_picks_lex_smallest_of_several_k_covers ... ok
preflight	Rust oracle and full product regression (synthetic fixtures only)	2026-10-04T05:05:07.6642267Z test min_cover::tests::fixed_count_positive_constant_quality_resolves_stable_id_tie ... ok
preflight	Rust oracle and full product regression (synthetic fixtures only)	2026-10-04T05:05:07.6642931Z test min_cover::tests::fixed_count_quality_matches_legacy_exact_search ... ok
preflight	Rust oracle and full product regression (synthetic fixtures only)	2026-10-04T05:05:07.6643642Z test min_cover::tests::cardinality_only_matches_exact_primary_on_random_small_matrices ... ok
preflight	Rust oracle and full product regression (synthetic fixtures only)	2026-10-04T05:05:07.6644303Z test min_cover::tests::fixed_count_zero_quality_resolves_stable_id_tie ... ok
preflight	Rust oracle and full product regression (synthetic fixtures only)	2026-10-04T05:05:07.6644888Z test min_cover::tests::fully_locked_prefix_still_resolves_stable_id_tie ... ok
preflight	Rust oracle and full product regression (synthetic fixtures only)	2026-10-04T05:05:07.6645570Z test min_cover::tests::histogram_prefix_max_stack_restores_hidden_values_and_duplicate_rows ... ok
preflight	Rust oracle and full product regression (synthetic fixtures only)	2026-10-04T05:05:07.6650436Z test min_cover::tests::histogram_rank_compression_handles_sparse_u32_qualities ... ok
preflight	Rust oracle and full product regression (synthetic fixtures only)	2026-10-04T05:05:07.6679108Z test min_cover::tests::fixed_count_quality_matches_legacy_on_random_small_matrices ... ok
preflight	Rust oracle and full product regression (synthetic fixtures only)	2026-10-04T05:05:07.6682602Z test min_cover::tests::integrated_dominance_timeout_incumbent_is_not_a_parity_contract ... ok
preflight	Rust oracle and full product regression (synthetic fixtures only)	2026-10-04T05:05:07.6689113Z test min_cover::tests::integrated_dominance_exact_matches_historical_on_random_small_matrices ... ok
preflight	Rust oracle and full product regression (synthetic fixtures only)	2026-10-04T05:05:07.6699189Z test min_cover::tests::bounded_threshold_prefix_matches_independent_oracle ... ok
preflight	Rust oracle and full product regression (synthetic fixtures only)	2026-10-04T05:05:07.6703189Z test min_cover::tests::integrated_fixed_count_budget_returns_valid_incumbent ... ok
preflight	Rust oracle and full product regression (synthetic fixtures only)	2026-10-04T05:05:07.6703946Z test min_cover::tests::integrated_fixed_count_matches_legacy_on_random_small_matrices ... ok
preflight	Rust oracle and full product regression (synthetic fixtures only)	2026-10-04T05:05:07.6704622Z test min_cover::tests::locked_prefix_matches_full_fixed_count_search ... ok
preflight	Rust oracle and full product regression (synthetic fixtures only)	2026-10-04T05:05:07.6720845Z test min_cover::tests::partition_excludes_only_earlier_siblings_and_reduces_duplicate_branches ... ok
preflight	Rust oracle and full product regression (synthetic fixtures only)	2026-10-04T05:05:07.6724088Z test min_cover::tests::production_histogram_threshold_activates_after_many_complete_covers ... ok
preflight	Rust oracle and full product regression (synthetic fixtures only)	2026-10-04T05:05:07.6726536Z test min_cover::tests::redundant_case_does_not_change_cardinality ... ok
preflight	Rust oracle and full product regression (synthetic fixtures only)	2026-10-04T05:05:07.6739590Z test min_cover::tests::primary_kernel_preserves_exact_cardinality_on_random_small_matrices ... ok
preflight	Rust oracle and full product regression (synthetic fixtures only)	2026-10-04T05:05:07.6740937Z test min_cover::tests::single_level_fully_locked_prefix_resolves_stable_id_tie ... ok
preflight	Rust oracle and full product regression (synthetic fixtures only)	2026-10-04T05:05:07.6744648Z test min_cover::tests::single_level_fixed_count_matches_brute_force_lex_minimum ... ok
preflight	Rust oracle and full product regression (synthetic fixtures only)	2026-10-04T05:05:07.6843458Z test min_cover::tests::partitioned_integrated_matches_independent_enumeration_and_valid_bounded_incumbents ... ok
preflight	Rust oracle and full product regression (synthetic fixtures only)	2026-10-04T05:05:07.6943780Z test min_cover::four_arm_tests::current_arm_matches_frozen_a0_and_nonpartition_at_all_budget_boundaries ... ok
preflight	Rust oracle and full product regression (synthetic fixtures only)	2026-10-04T05:05:07.6944447Z 
preflight	Rust oracle and full product regression (synthetic fixtures only)	2026-10-04T05:05:07.6945027Z test result: ok. 29 passed; 0 failed; 0 ignored; 0 measured; 47 filtered out; finished in 0.05s
preflight	Rust oracle and full product regression (synthetic fixtures only)	2026-10-04T05:05:07.6945693Z 
preflight	Rust oracle and full product regression (synthetic fixtures only)	2026-10-04T05:05:07.7957644Z ✔ probe policy is explicit, reference is default, and CP60s remains unchanged (1.021025ms)
preflight	Rust oracle and full product regression (synthetic fixtures only)	2026-10-04T05:05:07.8342750Z ✔ ON calls only candidate partitioned100K; OFF calls only R; both preserve exact weighted witness (26.947439ms)
preflight	Rust oracle and full product regression (synthetic fixtures only)	2026-10-04T05:05:07.8345520Z ✔ CAPPED transfers identical incumbent, frees candidate before threshold, and reuses passed probe (3.848144ms)
preflight	Rust oracle and full product regression (synthetic fixtures only)	2026-10-04T05:05:07.8371856Z ✔ candidate invalid witness or exception never retries R and closes the candidate (1.817556ms)
preflight	Rust oracle and full product regression (synthetic fixtures only)	2026-10-04T05:05:07.8373919Z ✔ pre-abort and bypass routes never invoke candidate; explicit modes and decomposition remain R (6.255061ms)
preflight	Rust oracle and full product regression (synthetic fixtures only)	2026-10-04T05:05:07.9014202Z ✔ adaptive, whole-filter and secondary Worker transports carry immutable request policy (70.622773ms)
preflight	Rust oracle and full product regression (synthetic fixtures only)	2026-10-04T05:05:08.3452067Z ✔ compressed frontier exact fallback: normal (21.432331ms)
preflight	Rust oracle and full product regression (synthetic fixtures only)	2026-10-04T05:05:08.3454119Z ✔ compressed frontier exact fallback: tetris (2.72664ms)
preflight	Rust oracle and full product regression (synthetic fixtures only)	2026-10-04T05:05:08.3456393Z ✔ compressed frontier exact fallback: tetris-end (1.870556ms)
preflight	Rust oracle and full product regression (synthetic fixtures only)	2026-10-04T05:05:08.3480589Z ✔ compressed frontier exact fallback: 1l (1.809611ms)
preflight	Rust oracle and full product regression (synthetic fixtures only)	2026-10-04T05:05:08.3481788Z ✔ compressed frontier exact fallback: 1l-or-pc (1.073945ms)
preflight	Rust oracle and full product regression (synthetic fixtures only)	2026-10-04T05:05:08.3485198Z ✔ compressed frontier exact fallback: 2l (1.042295ms)
preflight	Rust oracle and full product regression (synthetic fixtures only)	2026-10-04T05:05:08.3486271Z ✔ compressed frontier exact fallback: 2l-or-pc (1.024942ms)
preflight	Rust oracle and full product regression (synthetic fixtures only)	2026-10-04T05:05:08.3508372Z ✔ compressed frontier exact fallback: 3l (1.425467ms)
preflight	Rust oracle and full product regression (synthetic fixtures only)	2026-10-04T05:05:08.3527683Z ✔ compressed frontier exact fallback: 3l-or-pc (2.003557ms)
preflight	Rust oracle and full product regression (synthetic fixtures only)	2026-10-04T05:05:08.3528793Z ✔ compressed frontier exact fallback: 4l (1.705946ms)
preflight	Rust oracle and full product regression (synthetic fixtures only)	2026-10-04T05:05:08.3558556Z ✔ compressed frontier exact fallback: 4l-or-pc (1.229128ms)
preflight	Rust oracle and full product regression (synthetic fixtures only)	2026-10-04T05:05:08.3559774Z ✔ compressed frontier exact fallback: tsm (1.388839ms)
preflight	Rust oracle and full product regression (synthetic fixtures only)	2026-10-04T05:05:08.3560640Z ✔ compressed frontier exact fallback: tss (1.735512ms)
preflight	Rust oracle and full product regression (synthetic fixtures only)	2026-10-04T05:05:08.3561380Z ✔ compressed frontier exact fallback: tsd (0.886671ms)
preflight	Rust oracle and full product regression (synthetic fixtures only)	2026-10-04T05:05:08.3561897Z ✔ compressed frontier exact fallback: tst (0.895508ms)
preflight	Rust oracle and full product regression (synthetic fixtures only)	2026-10-04T05:05:08.3562382Z ✔ compressed frontier exact fallback: b2b (0.788607ms)
preflight	Rust oracle and full product regression (synthetic fixtures only)	2026-10-04T05:05:08.3562994Z ✔ frontier budget exhausted partway through a graph remains exact (1.700506ms)
preflight	Rust oracle and full product regression (synthetic fixtures only)	2026-10-04T05:05:08.3563608Z ✔ tall congruent Rust/JS solution and order sets 5 (61.660675ms)
preflight	Rust oracle and full product regression (synthetic fixtures only)	2026-10-04T05:05:08.3564150Z ✔ tall congruent Rust/JS solution and order sets 6 (36.993175ms)
preflight	Rust oracle and full product regression (synthetic fixtures only)	2026-10-04T05:05:08.3564725Z ✔ six rows and twelve operations use the Rust congruent path (2.878607ms)
preflight	Rust oracle and full product regression (synthetic fixtures only)	2026-10-04T05:05:08.3565322Z ✔ count equals expanded cases with chunking, Hold=false (9.709654ms)
preflight	Rust oracle and full product regression (synthetic fixtures only)	2026-10-04T05:05:08.3565897Z ✔ count equals expanded cases with chunking, Hold=true (11.312935ms)
preflight	Rust oracle and full product regression (synthetic fixtures only)	2026-10-04T05:05:08.3566548Z ✔ count evaluates huge suffixes with exact multiplicity and mirror union (3.196697ms)
preflight	Rust oracle and full product regression (synthetic fixtures only)	2026-10-04T05:05:08.3567264Z ✔ frontier compression preserves mode-sensitive multi-order targets (190.577514ms)
preflight	Rust oracle and full product regression (synthetic fixtures only)	2026-10-04T05:05:08.3568290Z ✔ existing batch worker dispatch accepts Cover count input (6.065564ms)
preflight	Rust oracle and full product regression (synthetic fixtures only)	2026-10-04T05:05:08.4691604Z ✔ coverage parity normal, Hold=false (6.203334ms)
preflight	Rust oracle and full product regression (synthetic fixtures only)	2026-10-04T05:05:08.4703031Z ✔ coverage parity normal, Hold=true (0.826949ms)
preflight	Rust oracle and full product regression (synthetic fixtures only)	2026-10-04T05:05:08.4704480Z ✔ coverage parity tetris, Hold=false (0.675293ms)
preflight	Rust oracle and full product regression (synthetic fixtures only)	2026-10-04T05:05:08.4710240Z ✔ coverage parity tetris, Hold=true (0.595322ms)
preflight	Rust oracle and full product regression (synthetic fixtures only)	2026-10-04T05:05:08.4711453Z ✔ coverage parity tetris-end, Hold=false (0.59949ms)
preflight	Rust oracle and full product regression (synthetic fixtures only)	2026-10-04T05:05:08.4712764Z ✔ coverage parity tetris-end, Hold=true (0.624918ms)
preflight	Rust oracle and full product regression (synthetic fixtures only)	2026-10-04T05:05:08.4714085Z ✔ coverage parity 1l, Hold=false (0.665344ms)
preflight	Rust oracle and full product regression (synthetic fixtures only)	2026-10-04T05:05:08.4714994Z ✔ coverage parity 1l, Hold=true (0.512606ms)
preflight	Rust oracle and full product regression (synthetic fixtures only)	2026-10-04T05:05:08.4720169Z ✔ coverage parity 1l-or-pc, Hold=false (0.467992ms)
preflight	Rust oracle and full product regression (synthetic fixtures only)	2026-10-04T05:05:08.4723154Z ✔ coverage parity 1l-or-pc, Hold=true (0.667167ms)
preflight	Rust oracle and full product regression (synthetic fixtures only)	2026-10-04T05:05:08.4726198Z ✔ coverage parity 2l, Hold=false (1.189222ms)
preflight	Rust oracle and full product regression (synthetic fixtures only)	2026-10-04T05:05:08.4734344Z ✔ coverage parity 2l, Hold=true (0.325483ms)
preflight	Rust oracle and full product regression (synthetic fixtures only)	2026-10-04T05:05:08.4776014Z ✔ coverage parity 2l-or-pc, Hold=false (0.471038ms)
preflight	Rust oracle and full product regression (synthetic fixtures only)	2026-10-04T05:05:08.4777433Z ✔ coverage parity 2l-or-pc, Hold=true (0.479695ms)
preflight	Rust oracle and full product regression (synthetic fixtures only)	2026-10-04T05:05:08.4778462Z ✔ coverage parity 3l, Hold=false (0.305326ms)
preflight	Rust oracle and full product regression (synthetic fixtures only)	2026-10-04T05:05:08.4779551Z ✔ coverage parity 3l, Hold=true (0.313731ms)
preflight	Rust oracle and full product regression (synthetic fixtures only)	2026-10-04T05:05:08.4780442Z ✔ coverage parity 3l-or-pc, Hold=false (0.239682ms)
preflight	Rust oracle and full product regression (synthetic fixtures only)	2026-10-04T05:05:08.4781378Z ✔ coverage parity 3l-or-pc, Hold=true (0.274307ms)
preflight	Rust oracle and full product regression (synthetic fixtures only)	2026-10-04T05:05:08.4782242Z ✔ coverage parity 4l, Hold=false (0.384004ms)
preflight	Rust oracle and full product regression (synthetic fixtures only)	2026-10-04T05:05:08.4783051Z ✔ coverage parity 4l, Hold=true (0.23351ms)
preflight	Rust oracle and full product regression (synthetic fixtures only)	2026-10-04T05:05:08.4783891Z ✔ coverage parity 4l-or-pc, Hold=false (0.227458ms)
preflight	Rust oracle and full product regression (synthetic fixtures only)	2026-10-04T05:05:08.4784759Z ✔ coverage parity 4l-or-pc, Hold=true (0.259229ms)
preflight	Rust oracle and full product regression (synthetic fixtures only)	2026-10-04T05:05:08.4785606Z ✔ coverage parity tsm, Hold=false (0.277332ms)
preflight	Rust oracle and full product regression (synthetic fixtures only)	2026-10-04T05:05:08.4792700Z ✔ coverage parity tsm, Hold=true (0.221507ms)
preflight	Rust oracle and full product regression (synthetic fixtures only)	2026-10-04T05:05:08.4795501Z ✔ coverage parity tss, Hold=false (0.639586ms)
preflight	Rust oracle and full product regression (synthetic fixtures only)	2026-10-04T05:05:08.4798016Z ✔ coverage parity tss, Hold=true (0.38181ms)
preflight	Rust oracle and full product regression (synthetic fixtures only)	2026-10-04T05:05:08.4801491Z ✔ coverage parity tsd, Hold=false (0.297841ms)
preflight	Rust oracle and full product regression (synthetic fixtures only)	2026-10-04T05:05:08.4809493Z ✔ coverage parity tsd, Hold=true (0.410053ms)
preflight	Rust oracle and full product regression (synthetic fixtures only)	2026-10-04T05:05:08.4811078Z ✔ coverage parity tst, Hold=false (0.420613ms)
preflight	Rust oracle and full product regression (synthetic fixtures only)	2026-10-04T05:05:08.4813011Z ✔ coverage parity tst, Hold=true (0.439117ms)
preflight	Rust oracle and full product regression (synthetic fixtures only)	2026-10-04T05:05:08.4815203Z ✔ coverage parity b2b, Hold=false (0.304344ms)
preflight	Rust oracle and full product regression (synthetic fixtures only)	2026-10-04T05:05:08.4817734Z ✔ coverage parity b2b, Hold=true (0.285928ms)
preflight	Rust oracle and full product regression (synthetic fixtures only)	2026-10-04T05:05:08.5731205Z ✔ Rust congruent equals independent JS geometry/order traversal (104.7487ms)
preflight	Rust oracle and full product regression (synthetic fixtures only)	2026-10-04T05:05:08.5750590Z ✔ duplicate branch multiplicity and final held piece (3.86693ms)
preflight	Rust oracle and full product regression (synthetic fixtures only)	2026-10-04T05:05:08.5780404Z ﹣ full default contracts match the release baseline (0.11143ms) # SKIP
preflight	Rust oracle and full product regression (synthetic fixtures only)	2026-10-04T05:05:08.6147828Z ✔ cover-percent preserves its public output (25.360246ms)
preflight	Rust oracle and full product regression (synthetic fixtures only)	2026-10-04T05:05:08.6151768Z ✔ bulk exports and session caches preserve scalar ABI and lifetime (2.240033ms)
preflight	Rust oracle and full product regression (synthetic fixtures only)	2026-10-04T05:05:08.6153249Z ✔ active tetris mode normal (1.69742ms)
preflight	Rust oracle and full product regression (synthetic fixtures only)	2026-10-04T05:05:08.6154465Z ✔ active tetris mode tetris (2.641029ms)
preflight	Rust oracle and full product regression (synthetic fixtures only)	2026-10-04T05:05:08.6155821Z ✔ active tetris mode tetris-end (1.021235ms)
preflight	Rust oracle and full product regression (synthetic fixtures only)	2026-10-04T05:05:08.6157214Z ✔ active tetris mode 1l (0.853288ms)
preflight	Rust oracle and full product regression (synthetic fixtures only)	2026-10-04T05:05:08.6158292Z ✔ active tetris mode 1l-or-pc (0.828161ms)
preflight	Rust oracle and full product regression (synthetic fixtures only)	2026-10-04T05:05:08.6160607Z ✔ active tetris mode 2l (0.874008ms)
preflight	Rust oracle and full product regression (synthetic fixtures only)	2026-10-04T05:05:08.6162820Z ✔ active tetris mode 2l-or-pc (0.773038ms)
preflight	Rust oracle and full product regression (synthetic fixtures only)	2026-10-04T05:05:08.6165128Z ✔ active tetris mode 3l (0.757438ms)
preflight	Rust oracle and full product regression (synthetic fixtures only)	2026-10-04T05:05:08.6183759Z ✔ active tetris mode 3l-or-pc (0.744894ms)
preflight	Rust oracle and full product regression (synthetic fixtures only)	2026-10-04T05:05:08.6184890Z ✔ active tetris mode 4l (0.986029ms)
preflight	Rust oracle and full product regression (synthetic fixtures only)	2026-10-04T05:05:08.6186138Z ✔ active tetris mode 4l-or-pc (0.81189ms)
preflight	Rust oracle and full product regression (synthetic fixtures only)	2026-10-04T05:05:08.6187232Z ✔ active tetris mode tsm (0.702073ms)
preflight	Rust oracle and full product regression (synthetic fixtures only)	2026-10-04T05:05:08.6189467Z ✔ active tetris mode tss (0.707403ms)
preflight	Rust oracle and full product regression (synthetic fixtures only)	2026-10-04T05:05:08.6190410Z ✔ active tetris mode tsd (0.749062ms)
preflight	Rust oracle and full product regression (synthetic fixtures only)	2026-10-04T05:05:08.6191182Z ✔ active tetris mode tst (0.804266ms)
preflight	Rust oracle and full product regression (synthetic fixtures only)	2026-10-04T05:05:08.6192513Z ✔ active tetris mode b2b (0.839142ms)
preflight	Rust oracle and full product regression (synthetic fixtures only)	2026-10-04T05:05:08.6977875Z ✔ whole-filter transport keeps cardinality rows, duplicate weights, quality callbacks and owner buffers (4.162226ms)
preflight	Rust oracle and full product regression (synthetic fixtures only)	2026-10-04T05:05:08.9676567Z ✔ real worker proves K and weighted quality for Rust/HiGHS/Auto, exact/fast and cardinality-only (269.883253ms)
preflight	Rust oracle and full product regression (synthetic fixtures only)	2026-10-04T05:05:09.0258207Z ✔ worker reuse resolves by job ID and never detaches queued source data (60.428336ms)
preflight	Rust oracle and full product regression (synthetic fixtures only)	2026-10-04T05:05:09.1291314Z ✔ abort before startup and during active work rejects all jobs and joins teardown (102.495543ms)
preflight	Rust oracle and full product regression (synthetic fixtures only)	2026-10-04T05:05:09.2262166Z ✔ bad worker job rejects both active and queued work without retry (50.915266ms)
preflight	Rust oracle and full product regression (synthetic fixtures only)	2026-10-04T05:05:09.2280700Z ﹣ ORTools primary abort terminates its nested worker before rejecting (0.180961ms) # SKIP
preflight	Rust oracle and full product regression (synthetic fixtures only)	2026-10-04T05:05:09.4031582Z ✔ per-save compact/numeric/general paths preserve complete output, display order and tiny/direct results (225.794822ms)
preflight	Rust oracle and full product regression (synthetic fixtures only)	2026-10-04T05:05:09.7258423Z ✔ middle completed line: legal pack and no-legal reference agree across commands (135.085505ms)
preflight	Rust oracle and full product regression (synthetic fixtures only)	2026-10-04T05:05:09.7262855Z ✔ completed bottom and middle rows at a stage without a legal table still work (20.474356ms)
preflight	Rust oracle and full product regression (synthetic fixtures only)	2026-10-04T05:05:09.7274118Z ✔ normalization preserves Hold semantics and original geometry for 2..6 rows (32.901222ms)
preflight	Rust oracle and full product regression (synthetic fixtures only)	2026-10-04T05:05:09.8090237Z ✔ complete-row fix reaches minimals and exact per-save workers without changing output coordinates (133.527551ms)
preflight	Rust oracle and full product regression (synthetic fixtures only)	2026-10-04T05:05:09.9398474Z ✔ internal bag sharing preserves public values, case order and independent mutable public bags (76.082703ms)
preflight	Rust oracle and full product regression (synthetic fixtures only)	2026-10-04T05:05:09.9404641Z ✔ geometry cache preserves public mutation isolation and invalidates edited CELLS (4.428598ms)
preflight	Rust oracle and full product regression (synthetic fixtures only)	2026-10-04T05:05:10.1849504Z ✔ kernel and exact searches preserve exhaustive optima, weighted duplicate rows and bounded recovery (165.652686ms)
preflight	Rust oracle and full product regression (synthetic fixtures only)	2026-10-04T05:05:10.1854856Z ✔ dynamic covered buffers handle K above 16 and word boundaries after budget abort (22.70979ms)
preflight	Rust oracle and full product regression (synthetic fixtures only)	2026-10-04T05:05:10.4847623Z ✔ secondary retains original weighted quality rows, deterministic results, and source buffers across worker reuse (245.029299ms)
preflight	Rust oracle and full product regression (synthetic fixtures only)	2026-10-04T05:05:10.5292624Z ✔ pool rejects pending work on disposal and supports a subsequent independent request (44.949804ms)
preflight	Rust oracle and full product regression (synthetic fixtures only)	2026-10-04T05:05:10.5936524Z ✔ worker errors reject queued jobs and dispose all workers (42.30933ms)
preflight	Rust oracle and full product regression (synthetic fixtures only)	2026-10-04T05:05:10.5938234Z ✔ auto requests only expensive follow-up searches; invalid worker budgets reject (0.563282ms)
preflight	Rust oracle and full product regression (synthetic fixtures only)	2026-10-04T05:05:10.6449999Z ✔ auto transfers an exhausted integrated probe without rerunning it or changing exact metadata (73.322125ms)
preflight	Rust oracle and full product regression (synthetic fixtures only)	2026-10-04T05:05:10.7156074Z ✔ disposing an active slot rejects its job and joins worker termination (50.44855ms)
preflight	Rust oracle and full product regression (synthetic fixtures only)	2026-10-04T05:05:10.7996153Z ✔ explicit routing gives identical exact results after worker dispatch (104.626943ms)
preflight	Rust oracle and full product regression (synthetic fixtures only)	2026-10-04T05:05:10.8833146Z ✔ all small complete universes agree with original Set semantics, including nonmonotone expressions (7.125943ms)
preflight	Rust oracle and full product regression (synthetic fixtures only)	2026-10-04T05:05:10.8857974Z ✔ keys observe caller mutation, hits avoid reevaluation, results cannot corrupt subsequent hits (0.501536ms)
preflight	Rust oracle and full product regression (synthetic fixtures only)	2026-10-04T05:05:10.8859734Z ✔ entry/payload/outcome limits fall back exactly and retain existing hits (0.366351ms)
preflight	Rust oracle and full product regression (synthetic fixtures only)	2026-10-04T05:05:10.8860970Z ✔ invalid regex errors remain lazy and repeated failures are not memoized (0.3449ms)
preflight	Rust oracle and full product regression (synthetic fixtures only)	2026-10-04T05:05:10.8861934Z ✔ feature cache preserves aliases, branch bags, duplicate failed queues, ALL and request isolation (7.434504ms)
preflight	Rust oracle and full product regression (synthetic fixtures only)	2026-10-04T05:05:11.0070779Z ✔ real WASM and geometry fallback both retain complete results with cache enabled (127.393688ms)
preflight	Rust oracle and full product regression (synthetic fixtures only)	2026-10-04T05:05:11.6493824Z ✔ A4: FIFO global maps bound entries while evicted live predicates remain exact (148.93355ms)
preflight	Rust oracle and full product regression (synthetic fixtures only)	2026-10-04T05:05:11.6499705Z ✔ A4: per-predicate FIFO and oversize-key bypass preserve exact results (439.578652ms)
preflight	Rust oracle and full product regression (synthetic fixtures only)	2026-10-04T05:05:11.6504794Z ✔ A4: failed construction/evaluation do not retain invalid results; caller metadata stays live (2.417768ms)
preflight	Rust oracle and full product regression (synthetic fixtures only)	2026-10-04T05:05:12.0033991Z ✔ A5+A4: real baseline WASM results and aliases survive cache churn and live predicate eviction (281.358423ms)
preflight	Rust oracle and full product regression (synthetic fixtures only)	2026-10-04T05:05:12.0979767Z ✔ A5: alias delimiters ignore escaped characters and regex bodies (2.877034ms)
preflight	Rust oracle and full product regression (synthetic fixtures only)	2026-10-04T05:05:12.0990105Z ✔ F0: structural errors precede search; lazy regex errors do not (12.285389ms)
preflight	Rust oracle and full product regression (synthetic fixtures only)	2026-10-04T05:05:12.0991199Z ✔ F0: clear, board and pattern validation retain their earlier priority (1.073735ms)
preflight	Rust oracle and full product regression (synthetic fixtures only)	2026-10-04T05:05:12.0993750Z ✔ A5: string and array aliases agree on feature paths, including lazy regex hashes (9.213899ms)
preflight	Rust oracle and full product regression (synthetic fixtures only)	2026-10-04T05:05:12.1694415Z ✔ compiled regex expressions retain queue-level set semantics across universes (2.500874ms)
preflight	Rust oracle and full product regression (synthetic fixtures only)	2026-10-04T05:05:12.1700417Z ✔ regex evaluator observes input mutation and returns independent mutable sets (0.178356ms)
preflight	Rust oracle and full product regression (synthetic fixtures only)	2026-10-04T05:05:12.1705296Z ✔ regex syntax errors remain lazy and are not suppressed by empty outcomes or OR (3.92564ms)
preflight	Rust oracle and full product regression (synthetic fixtures only)	2026-10-04T05:05:12.1712818Z ✔ queue-level and scalar regex expressions keep distinct precedence and negation (0.264408ms)
preflight	Rust oracle and full product regression (synthetic fixtures only)	2026-10-04T05:05:12.1717635Z ✔ ALL aggregation preserves empty saves, string fallback and branch multiplicity (1.303938ms)
preflight	Rust oracle and full product regression (synthetic fixtures only)	2026-10-04T05:05:12.1720064Z ✔ expression aggregation retains aliases and repeated failed queues across requests (1.752093ms)
preflight	Rust oracle and full product regression (synthetic fixtures only)	2026-10-04T05:05:12.6435179Z ✔ outcome coverage agrees with scalar geometry for repeated, mixed-length and reordered queues (75.716031ms)
preflight	Rust oracle and full product regression (synthetic fixtures only)	2026-10-04T05:05:12.6436938Z ✔ outcome coverage preserves complete rows at heights 2..6 and both Hold modes (27.027378ms)
preflight	Rust oracle and full product regression (synthetic fixtures only)	2026-10-04T05:05:12.6438695Z ✔ saves preserves all results, absence, conjunction, regex and multiplicity against legacy enumeration (302.246721ms)
preflight	Rust oracle and full product regression (synthetic fixtures only)	2026-10-04T05:05:13.0624302Z ✔ every last-bag base and residual universe preserves exact Set expression results (349.801906ms)
preflight	Rust oracle and full product regression (synthetic fixtures only)	2026-10-04T05:05:13.0630012Z ✔ fixed dictionaries isolate mutations and retain empty, long and 31st outcomes (0.873557ms)
preflight	Rust oracle and full product regression (synthetic fixtures only)	2026-10-04T05:05:13.0635167Z ✔ regex errors are lazy but not suppressed by empty masks or disjunction (3.948253ms)
preflight	Rust oracle and full product regression (synthetic fixtures only)	2026-10-04T05:05:13.3148588Z ✔ single-mask WASM and geometry paths preserve ALL, aliases, bags, duplicates and long-queue fallback (192.414277ms)
preflight	Rust oracle and full product regression (synthetic fixtures only)	2026-10-04T05:05:13.3150630Z ✔ mask path retains original complete-row placement count at all supported heights (62.743677ms)
preflight	Rust oracle and full product regression (synthetic fixtures only)	2026-10-04T05:05:13.4021925Z ✔ original singleton proof preserves duplicate weighted rows and ignores unused universe keys (3.689865ms)
preflight	Rust oracle and full product regression (synthetic fixtures only)	2026-10-04T05:05:13.4040869Z ✔ trivial checks include empty/all candidates and reject insufficient forced coverage (0.553292ms)
preflight	Rust oracle and full product regression (synthetic fixtures only)	2026-10-04T05:05:13.4041948Z ✔ quality-only redundant rows still connect components (0.453585ms)
preflight	Rust oracle and full product regression (synthetic fixtures only)	2026-10-04T05:05:13.4042696Z ✔ topology summary matches an independent graph walk without reading qualities (20.957486ms)
preflight	Rust oracle and full product regression (synthetic fixtures only)	2026-10-04T05:05:13.5741397Z ✔ sequential components and whole engines match exhaustive K, quality and stable IDs (169.819437ms)
preflight	Rust oracle and full product regression (synthetic fixtures only)	2026-10-04T05:05:13.5746493Z ✔ budget is shared across components and incomplete results remain feasible (1.813158ms)
preflight	Rust oracle and full product regression (synthetic fixtures only)	2026-10-04T05:05:13.5748574Z ✔ common exact entry point skips trivial search and never labels an incomplete threshold exact (1.307545ms)
preflight	Rust oracle and full product regression (synthetic fixtures only)	2026-10-04T05:05:13.5750617Z ✔ engine switches reuse component matrices and only proved components skip further search (1.190083ms)
preflight	Rust oracle and full product regression (synthetic fixtures only)	2026-10-04T05:05:13.5752410Z ✔ session proofs remain bound to their owned input despite caller mutation or another session (0.532484ms)
preflight	Rust oracle and full product regression (synthetic fixtures only)	2026-10-04T05:05:13.5754004Z ✔ an invalid solver selection does not become a reusable component proof (0.521172ms)
preflight	Rust oracle and full product regression (synthetic fixtures only)	2026-10-04T05:05:13.5755690Z ✔ common exact orchestration retains component proofs across its integrated-to-threshold fallback (0.432445ms)
preflight	Rust oracle and full product regression (synthetic fixtures only)	2026-10-04T05:05:13.5757592Z ✔ routing shares the integrated budget, retains incumbents, and does not certify bounded results (0.667347ms)
preflight	Rust oracle and full product regression (synthetic fixtures only)	2026-10-04T05:05:13.5759715Z ✔ explicit routing preserves worker dispatch options and rejects legacy probe replay (0.374406ms)
preflight	Rust oracle and full product regression (synthetic fixtures only)	2026-10-04T05:05:13.5761411Z ✔ structure-first keeps a single full integrated invocation for connected problems (0.246685ms)
preflight	Rust oracle and full product regression (synthetic fixtures only)	2026-10-04T05:05:13.6435780Z ✔ integrated exact returns without threshold or CP loading (3.985033ms)
preflight	Rust oracle and full product regression (synthetic fixtures only)	2026-10-04T05:05:13.6439112Z ✔ bounded stages pass the best seed and CP requires the final tie proof (0.635158ms)
preflight	Rust oracle and full product regression (synthetic fixtures only)	2026-10-04T05:05:13.6441087Z ✔ incomplete CP cannot discard a better Rust incumbent (0.399042ms)
preflight	Rust oracle and full product regression (synthetic fixtures only)	2026-10-04T05:05:13.6452323Z ✔ proof of quality alone is not exact and false proof claims fail (0.924443ms)
preflight	Rust oracle and full product regression (synthetic fixtures only)	2026-10-04T05:05:13.6453381Z ✔ zero time budget preserves the feasible seed without starting engines (0.378794ms)
preflight	Rust oracle and full product regression (synthetic fixtures only)	2026-10-04T05:05:13.6456921Z ✔ original duplicate rows contribute to quality and override stable tie preference (0.310335ms)
preflight	Rust oracle and full product regression (synthetic fixtures only)	2026-10-04T05:05:13.6462524Z ✔ invalid or infeasible engine results are rejected (1.702138ms)
preflight	Rust oracle and full product regression (synthetic fixtures only)	2026-10-04T05:05:13.6467475Z ✔ exact engine cannot claim a solution worse than the feasible seed (0.251914ms)
preflight	Rust oracle and full product regression (synthetic fixtures only)	2026-10-04T05:05:13.6471762Z ✔ invalid budgets and missing cardinality proof fail before any engine (3.952401ms)
preflight	Rust oracle and full product regression (synthetic fixtures only)	2026-10-04T05:05:13.6476478Z ✔ original singleton proof bypasses both Rust and CP (0.462051ms)
preflight	Rust oracle and full product regression (synthetic fixtures only)	2026-10-04T05:05:13.6481455Z ✔ proof reuse only forwards a prefix produced by this threshold invocation (0.452383ms)
preflight	Rust oracle and full product regression (synthetic fixtures only)	2026-10-04T05:05:13.6485339Z ✔ missing, stale, or impossible threshold proof metadata is rejected (1.011967ms)
preflight	Rust oracle and full product regression (synthetic fixtures only)	2026-10-04T05:05:13.7144915Z ✔ auto delay is one minute, modes are explicit and invalid modes fail (1.244866ms)
preflight	Rust oracle and full product regression (synthetic fixtures only)	2026-10-04T05:05:13.7498259Z ✔ easy Rust proof never initializes CP and always reaps the engine (39.452091ms)
preflight	Rust oracle and full product regression (synthetic fixtures only)	2026-10-04T05:05:13.7613156Z ✔ late CP joins without stopping Rust; Rust can still win after CP starts (11.278109ms)
preflight	Rust oracle and full product regression (synthetic fixtures only)	2026-10-04T05:05:13.7972882Z ✔ CP winner needs quality AND stable-ID proof; unproved/error CP leaves Rust alive (36.013929ms)
preflight	Rust oracle and full product regression (synthetic fixtures only)	2026-10-04T05:05:13.8111808Z ✔ cancellation and Rust errors terminate all active engines (10.750856ms)
preflight	Rust oracle and full product regression (synthetic fixtures only)	2026-10-04T05:05:13.8115156Z ✔ original duplicate-row weights and witness coverage are checked independently (2.046227ms)
preflight	Rust oracle and full product regression (synthetic fixtures only)	2026-10-04T05:05:13.8845295Z ✔ real Rust explicit integrated/threshold and adaptive auto retain the same weighted exact witness (70.698921ms)
preflight	Rust oracle and full product regression (synthetic fixtures only)	2026-10-04T05:05:13.8847864Z ﹣ CP model agrees with brute-force fixed-K oracle on weighted, tie and integer-range fixtures (0.229763ms) # SKIP
preflight	Rust oracle and full product regression (synthetic fixtures only)	2026-10-04T05:05:13.8850279Z ﹣ CP stable-ID proof spans multiple 30-bit blocks (0.186111ms) # SKIP
preflight	Rust oracle and full product regression (synthetic fixtures only)	2026-10-04T05:05:13.8852006Z ﹣ CP explicit mode travels through adaptive, secondary pool and whole-filter transport (0.348719ms) # SKIP
preflight	Rust oracle and full product regression (synthetic fixtures only)	2026-10-04T05:05:13.8853592Z ✔ pre-aborted real worker does not launch and does not detach owner buffers (1.031154ms)
preflight	Rust oracle and full product regression (synthetic fixtures only)	2026-10-04T05:05:13.8855391Z ﹣ production auto keeps a transferred integrated probe and runs real threshold without CP on easy work (0.090391ms) # SKIP
preflight	Rust oracle and full product regression (synthetic fixtures only)	2026-10-04T05:05:13.8861537Z ﹣ real threshold can win after the late CP worker has joined (0.06878ms) # SKIP
preflight	Rust oracle and full product regression (synthetic fixtures only)	2026-10-04T05:05:14.0283215Z ✔ PATH queue-state budget exhaustion retries full exact enumeration (57.210116ms)
preflight	Rust oracle and full product regression (synthetic fixtures only)	2026-10-04T05:05:14.0344336Z ✔ PC completion rejection cannot replace general batch exact-lock reachability (26.134436ms)
preflight	Rust oracle and full product regression (synthetic fixtures only)	2026-10-04T05:05:14.1096019Z ✔ prefix completions retain complete constrained/duplicate branch order (8.746709ms)
preflight	Rust oracle and full product regression (synthetic fixtures only)	2026-10-04T05:05:14.2127120Z ✔ Chance queues/count agree with concrete full-queue oracle and preserve expansion limit (84.55929ms)
preflight	Rust oracle and full product regression (synthetic fixtures only)	2026-10-04T05:05:14.2132851Z ✔ probability request cache reuses immutable geometry across batches and releases on error/exit (21.450897ms)
preflight	Rust oracle and full product regression (synthetic fixtures only)	2026-10-04T05:05:14.4155451Z ✔ indexed tiling and suffix engines preserve 5/6-piece broad results with both Hold settings (127.703992ms)
preflight	Rust oracle and full product regression (synthetic fixtures only)	2026-10-04T05:05:14.4162624Z ✔ 15 operations use six active rows and preserve original duplicate queue coverage (19.283701ms)
preflight	Rust oracle and full product regression (synthetic fixtures only)	2026-10-04T05:05:17.0405981Z ✔ large six-line best and per-save best preserve exact winners and forced-budget fallback (2623.946966ms)
preflight	Rust oracle and full product regression (synthetic fixtures only)	2026-10-04T05:05:17.2134163Z ✔ all Congruent order and tiling engines preserve exact geometry and distinct order sets (109.77375ms)
preflight	Rust oracle and full product regression (synthetic fixtures only)	2026-10-04T05:05:17.3438682Z ✔ exact preferred solutions and per-save winners match full order sets, including forced fallback (130.581897ms)
preflight	Rust oracle and full product regression (synthetic fixtures only)	2026-10-04T05:05:17.4866861Z ✔ accepted-solution limit agrees across Rust/JS at exact boundary and exhaustion (25.392877ms)
preflight	Rust oracle and full product regression (synthetic fixtures only)	2026-10-04T05:05:17.4871474Z ✔ congruent-cover explicit coverage/count retain exact union and default output (42.556139ms)
preflight	Rust oracle and full product regression (synthetic fixtures only)	2026-10-04T05:05:17.5092309Z ✔ cover-percent count matches small concrete output and handles huge suffix space (27.358597ms)
preflight	Rust oracle and full product regression (synthetic fixtures only)	2026-10-04T05:05:17.5767345Z ✔ one staging per session, exact duplicate remap and sparse/dense coverage (5.388538ms)
preflight	Rust oracle and full product regression (synthetic fixtures only)	2026-10-04T05:05:17.5773978Z ✔ handles reject reset, mutation and ended lifetime; wrappers recover after interleaving/errors (1.007299ms)
preflight	Rust oracle and full product regression (synthetic fixtures only)	2026-10-04T05:05:17.5788827Z ✔ bulk congruent matches getter fallback, survives growth and subsequent calls (2.695832ms)
preflight	Rust oracle and full product regression (synthetic fixtures only)	2026-10-04T05:05:17.5882234Z ℹ tests 189
preflight	Rust oracle and full product regression (synthetic fixtures only)	2026-10-04T05:05:17.5890372Z ℹ suites 0
preflight	Rust oracle and full product regression (synthetic fixtures only)	2026-10-04T05:05:17.5890953Z ℹ pass 182
preflight	Rust oracle and full product regression (synthetic fixtures only)	2026-10-04T05:05:17.5891665Z ℹ fail 0
preflight	Rust oracle and full product regression (synthetic fixtures only)	2026-10-04T05:05:17.5892384Z ℹ cancelled 0
preflight	Rust oracle and full product regression (synthetic fixtures only)	2026-10-04T05:05:17.5892853Z ℹ skipped 7
preflight	Rust oracle and full product regression (synthetic fixtures only)	2026-10-04T05:05:17.5893192Z ℹ todo 0
preflight	Rust oracle and full product regression (synthetic fixtures only)	2026-10-04T05:05:17.5893472Z ℹ duration_ms 9863.94219
preflight	Rust oracle and full product regression (synthetic fixtures only)	2026-10-04T05:05:18.7892008Z ✔ same122 original gzip bytes, weighted rows, stable IDs, K and proofs remain locked (848.823662ms)
preflight	Rust oracle and full product regression (synthetic fixtures only)	2026-10-04T05:05:18.7894916Z ✔ full ON/OFF100pairs on10runners,5forward5reverse,adjacent pairs and fixed controls (255.623331ms)
preflight	Rust oracle and full product regression (synthetic fixtures only)	2026-10-04T05:05:18.8157416Z ℹ tests 2
preflight	Rust oracle and full product regression (synthetic fixtures only)	2026-10-04T05:05:18.8157849Z ℹ suites 0
preflight	Rust oracle and full product regression (synthetic fixtures only)	2026-10-04T05:05:18.8158086Z ℹ pass 2
preflight	Rust oracle and full product regression (synthetic fixtures only)	2026-10-04T05:05:18.8158296Z ℹ fail 0
preflight	Rust oracle and full product regression (synthetic fixtures only)	2026-10-04T05:05:18.8158509Z ℹ cancelled 0
preflight	Rust oracle and full product regression (synthetic fixtures only)	2026-10-04T05:05:18.8158749Z ℹ skipped 0
preflight	Rust oracle and full product regression (synthetic fixtures only)	2026-10-04T05:05:18.8158969Z ℹ todo 0
preflight	Rust oracle and full product regression (synthetic fixtures only)	2026-10-04T05:05:18.8159513Z ℹ duration_ms 1193.663647
preflight	Rust oracle and full product regression (synthetic fixtures only)	2026-10-04T05:05:19.0607958Z ✔ synthetic existing product fixture runs full enumeration/primary/probe/output with identical ON OFF results (163.62168ms)
preflight	Rust oracle and full product regression (synthetic fixtures only)	2026-10-04T05:05:19.0747254Z ℹ tests 1
preflight	Rust oracle and full product regression (synthetic fixtures only)	2026-10-04T05:05:19.0748001Z ℹ suites 0
preflight	Rust oracle and full product regression (synthetic fixtures only)	2026-10-04T05:05:19.0748588Z ℹ pass 1
preflight	Rust oracle and full product regression (synthetic fixtures only)	2026-10-04T05:05:19.0750541Z ℹ fail 0
preflight	Rust oracle and full product regression (synthetic fixtures only)	2026-10-04T05:05:19.0751086Z ℹ cancelled 0
preflight	Rust oracle and full product regression (synthetic fixtures only)	2026-10-04T05:05:19.0751574Z ℹ skipped 0
preflight	Rust oracle and full product regression (synthetic fixtures only)	2026-10-04T05:05:19.0752005Z ℹ todo 0
preflight	Rust oracle and full product regression (synthetic fixtures only)	2026-10-04T05:05:19.0752492Z ℹ duration_ms 229.156798
preflight	Rust oracle and full product regression (synthetic fixtures only)	2026-10-04T05:05:19.1303759Z test_bad_witness_rejected (test_analysis.Tests.test_bad_witness_rejected) ... ok
preflight	Rust oracle and full product regression (synthetic fixtures only)	2026-10-04T05:05:19.1312119Z test_environment_no_host_exclusion (test_analysis.Tests.test_environment_no_host_exclusion) ... ok
preflight	Rust oracle and full product regression (synthetic fixtures only)	2026-10-04T05:05:19.1319497Z test_incomplete_no_subset_pass (test_analysis.Tests.test_incomplete_no_subset_pass) ... ok
preflight	Rust oracle and full product regression (synthetic fixtures only)	2026-10-04T05:05:19.1327706Z test_paired_complete (test_analysis.Tests.test_paired_complete) ... ok
preflight	Rust oracle and full product regression (synthetic fixtures only)	2026-10-04T05:05:19.1336012Z test_primary_seed_variation_preserved (test_analysis.Tests.test_primary_seed_variation_preserved) ... ok
preflight	Rust oracle and full product regression (synthetic fixtures only)	2026-10-04T05:05:19.1336873Z 
preflight	Rust oracle and full product regression (synthetic fixtures only)	2026-10-04T05:05:19.1337526Z ----------------------------------------------------------------------
preflight	Rust oracle and full product regression (synthetic fixtures only)	2026-10-04T05:05:19.1338247Z Ran 5 tests in 0.004s
preflight	Rust oracle and full product regression (synthetic fixtures only)	2026-10-04T05:05:19.1338544Z 
preflight	Rust oracle and full product regression (synthetic fixtures only)	2026-10-04T05:05:19.1338876Z OK
preflight	Independent watchdog and cgroup contracts	﻿2026-10-04T05:05:19.1437711Z ##[group]Run group=/sys/fs/cgroup/a0-m1-contract-$GITHUB_RUN_ID
preflight	Independent watchdog and cgroup contracts	2026-10-04T05:05:19.1438223Z ^[[36;1mgroup=/sys/fs/cgroup/a0-m1-contract-$GITHUB_RUN_ID^[[0m
preflight	Independent watchdog and cgroup contracts	2026-10-04T05:05:19.1438598Z ^[[36;1msudo mkdir "$group"^[[0m
preflight	Independent watchdog and cgroup contracts	2026-10-04T05:05:19.1438928Z ^[[36;1mecho '+memory' | sudo tee "$group/cgroup.subtree_control"^[[0m
preflight	Independent watchdog and cgroup contracts	2026-10-04T05:05:19.1439779Z ^[[36;1mA0_CGROUP_ROOT="$group" node --test experiments/a0-m1-on-off-20261004/contracts.test.mjs^[[0m
preflight	Independent watchdog and cgroup contracts	2026-10-04T05:05:19.1503599Z shell: /usr/bin/bash -e {0}
preflight	Independent watchdog and cgroup contracts	2026-10-04T05:05:19.1503877Z ##[endgroup]
preflight	Independent watchdog and cgroup contracts	2026-10-04T05:05:19.1742349Z +memory
preflight	Independent watchdog and cgroup contracts	2026-10-04T05:05:19.3908388Z ✔ raw fsync acknowledged before audit; fresh child cold wall excludes audit and is reaped (108.283004ms)
preflight	Independent watchdog and cgroup contracts	2026-10-04T05:05:19.5286433Z ✔ startup independent deadline kills and preserves partial evidence (141.89313ms)
preflight	Independent watchdog and cgroup contracts	2026-10-04T05:05:19.7089699Z ✔ api independent deadline kills and preserves partial evidence (184.253994ms)
preflight	Independent watchdog and cgroup contracts	2026-10-04T05:05:19.8700677Z ✔ audit independent deadline kills and preserves partial evidence (183.024573ms)
preflight	Independent watchdog and cgroup contracts	2026-10-04T05:05:21.3661677Z ℹ tests 4
preflight	Independent watchdog and cgroup contracts	2026-10-04T05:05:21.3662184Z ℹ suites 0
preflight	Independent watchdog and cgroup contracts	2026-10-04T05:05:21.3662448Z ℹ pass 4
preflight	Independent watchdog and cgroup contracts	2026-10-04T05:05:21.3663137Z ℹ fail 0
preflight	Independent watchdog and cgroup contracts	2026-10-04T05:05:21.3663363Z ℹ cancelled 0
preflight	Independent watchdog and cgroup contracts	2026-10-04T05:05:21.3663614Z ℹ skipped 0
preflight	Independent watchdog and cgroup contracts	2026-10-04T05:05:21.3663842Z ℹ todo 0
preflight	Independent watchdog and cgroup contracts	2026-10-04T05:05:21.3664124Z ℹ duration_ms 2165.61926
preflight	Lock source/input/binary inventory before any actual input	﻿2026-10-04T05:05:21.3729774Z ##[group]Run node experiments/a0-m1-on-off-20261004/preflight.mjs
preflight	Lock source/input/binary inventory before any actual input	2026-10-04T05:05:21.3730412Z ^[[36;1mnode experiments/a0-m1-on-off-20261004/preflight.mjs^[[0m
preflight	Lock source/input/binary inventory before any actual input	2026-10-04T05:05:21.3792426Z shell: /usr/bin/bash -e {0}
preflight	Lock source/input/binary inventory before any actual input	2026-10-04T05:05:21.3792719Z ##[endgroup]
preflight	Run actions/upload-artifact@v4	﻿2026-10-04T05:05:24.7677397Z ##[group]Run actions/upload-artifact@v4
preflight	Run actions/upload-artifact@v4	2026-10-04T05:05:24.7677717Z with:
preflight	Run actions/upload-artifact@v4	2026-10-04T05:05:24.7677933Z   name: a0-m1-on-off-preflight
preflight	Run actions/upload-artifact@v4	2026-10-04T05:05:24.7678205Z   include-hidden-files: true
preflight	Run actions/upload-artifact@v4	2026-10-04T05:05:24.7678741Z   path: .a0-m1-comparison/ORIGIN.json
preflight	Run actions/upload-artifact@v4	.a0-m1-comparison/LOCK.json
preflight	Run actions/upload-artifact@v4	wasm/pc_wasm.wasm
preflight	Run actions/upload-artifact@v4	wasm/pc_a0_m1.wasm
preflight	Run actions/upload-artifact@v4	wasm/batch_wasm.wasm
preflight	Run actions/upload-artifact@v4	
preflight	Run actions/upload-artifact@v4	2026-10-04T05:05:24.7679690Z   if-no-files-found: error
preflight	Run actions/upload-artifact@v4	2026-10-04T05:05:24.7679941Z   retention-days: 7
preflight	Run actions/upload-artifact@v4	2026-10-04T05:05:24.7680165Z   compression-level: 6
preflight	Run actions/upload-artifact@v4	2026-10-04T05:05:24.7680416Z   overwrite: false
preflight	Run actions/upload-artifact@v4	2026-10-04T05:05:24.7680631Z ##[endgroup]
preflight	Run actions/upload-artifact@v4	2026-10-04T05:05:24.9475821Z (node:3964) [DEP0040] DeprecationWarning: The `punycode` module is deprecated. Please use a userland alternative instead.
preflight	Run actions/upload-artifact@v4	2026-10-04T05:05:24.9477822Z (Use `node --trace-deprecation ...` to show where the warning was created)
preflight	Run actions/upload-artifact@v4	2026-10-04T05:05:24.9600492Z Multiple search paths detected. Calculating the least common ancestor of all paths
preflight	Run actions/upload-artifact@v4	2026-10-04T05:05:24.9604823Z The least common ancestor is /home/runner/work/sfinder_wasm/sfinder_wasm. This will be the root directory of the artifact
preflight	Run actions/upload-artifact@v4	2026-10-04T05:05:24.9606569Z With the provided path, there will be 5 files uploaded
preflight	Run actions/upload-artifact@v4	2026-10-04T05:05:24.9607979Z Artifact name is valid!
preflight	Run actions/upload-artifact@v4	2026-10-04T05:05:24.9608734Z Root directory input is valid!
preflight	Run actions/upload-artifact@v4	2026-10-04T05:05:25.1825997Z Beginning upload of artifact content to blob storage
preflight	Run actions/upload-artifact@v4	2026-10-04T05:05:25.2618063Z (node:3964) [DEP0169] DeprecationWarning: `url.parse()` behavior is not standardized and prone to errors that have security implications. Use the WHATWG URL API instead. CVEs are not issued for `url.parse()` vulnerabilities.
preflight	Run actions/upload-artifact@v4	2026-10-04T05:05:25.3236793Z Uploaded bytes 424658
preflight	Run actions/upload-artifact@v4	2026-10-04T05:05:25.3388265Z Finished uploading artifact content to blob storage!
preflight	Run actions/upload-artifact@v4	2026-10-04T05:05:25.3390438Z SHA256 digest of uploaded artifact zip is 87e6401bb695636592d2d61f512d23996e72cc7f843442be11743e776cc2b8d0
preflight	Run actions/upload-artifact@v4	2026-10-04T05:05:25.3392047Z Finalizing artifact upload
preflight	Run actions/upload-artifact@v4	2026-10-04T05:05:25.5436223Z Artifact a0-m1-on-off-preflight.zip successfully finalized. Artifact ID 11294581003
preflight	Run actions/upload-artifact@v4	2026-10-04T05:05:25.5437971Z Artifact a0-m1-on-off-preflight has been successfully uploaded! Final size is 424658 bytes. Artifact ID is 11294581003
preflight	Run actions/upload-artifact@v4	2026-10-04T05:05:25.5444233Z Artifact download URL: https://github.com/Qnia28/sfinder_wasm/actions/runs/37178792683/artifacts/11294581003
preflight	Post Run actions/setup-node@v4	﻿2026-10-04T05:05:25.5647748Z Post job cleanup.
preflight	Post Run actions/setup-node@v4	2026-10-04T05:05:25.6941247Z (node:3976) [DEP0040] DeprecationWarning: The `punycode` module is deprecated. Please use a userland alternative instead.
preflight	Post Run actions/setup-node@v4	2026-10-04T05:05:25.6942762Z (Use `node --trace-deprecation ...` to show where the warning was created)
preflight	Post Run actions/checkout@v4	﻿2026-10-04T05:05:25.7116622Z Post job cleanup.
preflight	Post Run actions/checkout@v4	2026-10-04T05:05:25.8062166Z [command]/usr/bin/git version
preflight	Post Run actions/checkout@v4	2026-10-04T05:05:25.8110542Z git version 2.55.0
preflight	Post Run actions/checkout@v4	2026-10-04T05:05:25.8157052Z Temporarily overriding HOME='/home/runner/work/_temp/91483a2f-579f-4769-af7e-3ce46a3ccd98' before making global git config changes
preflight	Post Run actions/checkout@v4	2026-10-04T05:05:25.8158700Z Adding repository directory to the temporary git global config as a safe directory
preflight	Post Run actions/checkout@v4	2026-10-04T05:05:25.8163621Z [command]/usr/bin/git config --global --add safe.directory /home/runner/work/sfinder_wasm/sfinder_wasm
preflight	Post Run actions/checkout@v4	2026-10-04T05:05:25.8206033Z [command]/usr/bin/git config --local --name-only --get-regexp core\.sshCommand
preflight	Post Run actions/checkout@v4	2026-10-04T05:05:25.8247384Z [command]/usr/bin/git submodule foreach --recursive sh -c "git config --local --name-only --get-regexp 'core\.sshCommand' && git config --local --unset-all 'core.sshCommand' || :"
preflight	Post Run actions/checkout@v4	2026-10-04T05:05:25.8514947Z [command]/usr/bin/git config --local --name-only --get-regexp http\.https\:\/\/github\.com\/\.extraheader
preflight	Post Run actions/checkout@v4	2026-10-04T05:05:25.8551283Z http.https://github.com/.extraheader
preflight	Post Run actions/checkout@v4	2026-10-04T05:05:25.8568196Z [command]/usr/bin/git config --local --unset-all http.https://github.com/.extraheader
preflight	Post Run actions/checkout@v4	2026-10-04T05:05:25.8626260Z [command]/usr/bin/git submodule foreach --recursive sh -c "git config --local --name-only --get-regexp 'http\.https\:\/\/github\.com\/\.extraheader' && git config --local --unset-all 'http.https://github.com/.extraheader' || :"
preflight	Post Run actions/checkout@v4	2026-10-04T05:05:25.8935181Z [command]/usr/bin/git config --local --name-only --get-regexp ^includeIf\.gitdir:
preflight	Post Run actions/checkout@v4	2026-10-04T05:05:25.8981646Z [command]/usr/bin/git submodule foreach --recursive git config --local --show-origin --name-only --get-regexp remote.origin.url
preflight	Complete job	﻿2026-10-04T05:05:25.9396480Z Cleaning up orphan processes
preflight	Complete job	2026-10-04T05:05:25.9738315Z ##[warning]Node.js 20 is deprecated. The following actions target Node.js 20 but are being forced to run on Node.js 24: actions/checkout@v4, actions/setup-node@v4, actions/upload-artifact@v4. For more information see: https://github.blog/changelog/2025-09-19-deprecation-of-node-20-on-github-actions-runners/
compare (2)	Set up job	﻿2026-10-04T05:05:30.9176978Z Current runner version: '2.337.0'
compare (2)	Set up job	2026-10-04T05:05:30.9197853Z ##[group]Runner Image Provisioner
compare (2)	Set up job	2026-10-04T05:05:30.9198607Z Hosted Compute Agent
compare (2)	Set up job	2026-10-04T05:05:30.9199140Z Version: 20260901.588
compare (2)	Set up job	2026-10-04T05:05:30.9199672Z Commit: f88ec8081b781fac6c440065ac7ff9e710ce3d0b
compare (2)	Set up job	2026-10-04T05:05:30.9200318Z Build Date: 2026-09-01T19:56:44Z
compare (2)	Set up job	2026-10-04T05:05:30.9200921Z Worker ID: {61327aff-da7d-42c9-9e40-4a9008c42537}
compare (2)	Set up job	2026-10-04T05:05:30.9201497Z Azure Region: westus3
compare (2)	Set up job	2026-10-04T05:05:30.9202113Z ##[endgroup]
compare (2)	Set up job	2026-10-04T05:05:30.9203450Z ##[group]Operating System
compare (2)	Set up job	2026-10-04T05:05:30.9204026Z Ubuntu
compare (2)	Set up job	2026-10-04T05:05:30.9204513Z 24.04.5
compare (2)	Set up job	2026-10-04T05:05:30.9204942Z LTS
compare (2)	Set up job	2026-10-04T05:05:30.9205358Z ##[endgroup]
compare (2)	Set up job	2026-10-04T05:05:30.9205872Z ##[group]Runner Image
compare (2)	Set up job	2026-10-04T05:05:30.9206401Z Image: ubuntu-24.04
compare (2)	Set up job	2026-10-04T05:05:30.9206889Z Version: 20260927.320.1
compare (2)	Set up job	2026-10-04T05:05:30.9207790Z Included Software: https://github.com/actions/runner-images/blob/ubuntu24/20260927.320/images/ubuntu/Ubuntu2404-Readme.md
compare (2)	Set up job	2026-10-04T05:05:30.9209574Z Image Release: https://github.com/actions/runner-images/releases/tag/ubuntu24%2F20260927.320
compare (2)	Set up job	2026-10-04T05:05:30.9210426Z ##[endgroup]
compare (2)	Set up job	2026-10-04T05:05:30.9211419Z ##[group]GITHUB_TOKEN Permissions
compare (2)	Set up job	2026-10-04T05:05:30.9213513Z Actions: read
compare (2)	Set up job	2026-10-04T05:05:30.9214088Z Contents: read
compare (2)	Set up job	2026-10-04T05:05:30.9214579Z Metadata: read
compare (2)	Set up job	2026-10-04T05:05:30.9215035Z ##[endgroup]
compare (2)	Set up job	2026-10-04T05:05:30.9216772Z Secret source: Actions
compare (2)	Set up job	2026-10-04T05:05:30.9217541Z Cache mode: write
compare (2)	Set up job	2026-10-04T05:05:30.9218213Z Prepare workflow directory
compare (2)	Set up job	2026-10-04T05:05:30.9507215Z Prepare all required actions
compare (2)	Set up job	2026-10-04T05:05:30.9547611Z Getting action download info
compare (2)	Set up job	2026-10-04T05:05:31.2937933Z Download action repository 'actions/checkout@v4' (SHA:11d5960a326750d5838078e36cf38b85af677262)
compare (2)	Set up job	2026-10-04T05:05:32.1806512Z Download action repository 'actions/setup-node@v4' (SHA:49933ea5288caeca8642d1e84afbd3f7d6820020)
compare (2)	Set up job	2026-10-04T05:05:33.0963468Z Download action repository 'actions/download-artifact@v4' (SHA:d3f86a106a0bac45b974a628896c90dbdf5c8093)
compare (2)	Set up job	2026-10-04T05:05:33.8121425Z Download action repository 'actions/upload-artifact@v4' (SHA:ea165f8d65b6e75b540449e92b4886f43607fa02)
compare (2)	Set up job	2026-10-04T05:05:34.1282560Z Complete job name: compare (2)
compare (2)	Run actions/checkout@v4	﻿2026-10-04T05:05:34.1848191Z ##[group]Run actions/checkout@v4
compare (2)	Run actions/checkout@v4	2026-10-04T05:05:34.1848715Z with:
compare (2)	Run actions/checkout@v4	2026-10-04T05:05:34.1848944Z   repository: Qnia28/sfinder_wasm
compare (2)	Run actions/checkout@v4	2026-10-04T05:05:34.1851057Z   token: ***
compare (2)	Run actions/checkout@v4	2026-10-04T05:05:34.1851279Z   ssh-strict: true
compare (2)	Run actions/checkout@v4	2026-10-04T05:05:34.1851497Z   ssh-user: git
compare (2)	Run actions/checkout@v4	2026-10-04T05:05:34.1851864Z   persist-credentials: true
compare (2)	Run actions/checkout@v4	2026-10-04T05:05:34.1852113Z   clean: true
compare (2)	Run actions/checkout@v4	2026-10-04T05:05:34.1852337Z   sparse-checkout-cone-mode: true
compare (2)	Run actions/checkout@v4	2026-10-04T05:05:34.1852598Z   fetch-depth: 1
compare (2)	Run actions/checkout@v4	2026-10-04T05:05:34.1852808Z   fetch-tags: false
compare (2)	Run actions/checkout@v4	2026-10-04T05:05:34.1853039Z   show-progress: true
compare (2)	Run actions/checkout@v4	2026-10-04T05:05:34.1853251Z   lfs: false
compare (2)	Run actions/checkout@v4	2026-10-04T05:05:34.1853448Z   submodules: false
compare (2)	Run actions/checkout@v4	2026-10-04T05:05:34.1853663Z   set-safe-directory: true
compare (2)	Run actions/checkout@v4	2026-10-04T05:05:34.1853914Z   allow-unsafe-pr-checkout: false
compare (2)	Run actions/checkout@v4	2026-10-04T05:05:34.1854336Z ##[endgroup]
compare (2)	Run actions/checkout@v4	2026-10-04T05:05:34.2653679Z Syncing repository: Qnia28/sfinder_wasm
compare (2)	Run actions/checkout@v4	2026-10-04T05:05:34.2655054Z ##[group]Getting Git version info
compare (2)	Run actions/checkout@v4	2026-10-04T05:05:34.2655549Z Working directory is '/home/runner/work/sfinder_wasm/sfinder_wasm'
compare (2)	Run actions/checkout@v4	2026-10-04T05:05:34.2656540Z [command]/usr/bin/git version
compare (2)	Run actions/checkout@v4	2026-10-04T05:05:34.2707468Z git version 2.55.0
compare (2)	Run actions/checkout@v4	2026-10-04T05:05:34.2728796Z ##[endgroup]
compare (2)	Run actions/checkout@v4	2026-10-04T05:05:34.2739020Z Temporarily overriding HOME='/home/runner/work/_temp/ef5dc808-9cc0-4be9-9a8c-9bddc4cc0d2b' before making global git config changes
compare (2)	Run actions/checkout@v4	2026-10-04T05:05:34.2740176Z Adding repository directory to the temporary git global config as a safe directory
compare (2)	Run actions/checkout@v4	2026-10-04T05:05:34.2744092Z [command]/usr/bin/git config --global --add safe.directory /home/runner/work/sfinder_wasm/sfinder_wasm
compare (2)	Run actions/checkout@v4	2026-10-04T05:05:34.2789809Z Deleting the contents of '/home/runner/work/sfinder_wasm/sfinder_wasm'
compare (2)	Run actions/checkout@v4	2026-10-04T05:05:34.2795044Z ##[group]Initializing the repository
compare (2)	Run actions/checkout@v4	2026-10-04T05:05:34.2799146Z [command]/usr/bin/git init /home/runner/work/sfinder_wasm/sfinder_wasm
compare (2)	Run actions/checkout@v4	2026-10-04T05:05:34.2873553Z hint: Using 'master' as the name for the initial branch. This default branch name
compare (2)	Run actions/checkout@v4	2026-10-04T05:05:34.2874383Z hint: will change to "main" in Git 3.0. To configure the initial branch name
compare (2)	Run actions/checkout@v4	2026-10-04T05:05:34.2875355Z hint: to use in all of your new repositories, which will suppress this warning,
compare (2)	Run actions/checkout@v4	2026-10-04T05:05:34.2875931Z hint: call:
compare (2)	Run actions/checkout@v4	2026-10-04T05:05:34.2876569Z hint:
compare (2)	Run actions/checkout@v4	2026-10-04T05:05:34.2877019Z hint: 	git config --global init.defaultBranch <name>
compare (2)	Run actions/checkout@v4	2026-10-04T05:05:34.2877466Z hint:
compare (2)	Run actions/checkout@v4	2026-10-04T05:05:34.2877900Z hint: Names commonly chosen instead of 'master' are 'main', 'trunk' and
compare (2)	Run actions/checkout@v4	2026-10-04T05:05:34.2878576Z hint: 'development'. The just-created branch can be renamed via this command:
compare (2)	Run actions/checkout@v4	2026-10-04T05:05:34.2879122Z hint:
compare (2)	Run actions/checkout@v4	2026-10-04T05:05:34.2879473Z hint: 	git branch -m <name>
compare (2)	Run actions/checkout@v4	2026-10-04T05:05:34.2879832Z hint:
compare (2)	Run actions/checkout@v4	2026-10-04T05:05:34.2880335Z hint: Disable this message with "git config set advice.defaultBranchName false"
compare (2)	Run actions/checkout@v4	2026-10-04T05:05:34.2881149Z Initialized empty Git repository in /home/runner/work/sfinder_wasm/sfinder_wasm/.git/
compare (2)	Run actions/checkout@v4	2026-10-04T05:05:34.2883489Z [command]/usr/bin/git remote add origin https://github.com/Qnia28/sfinder_wasm
compare (2)	Run actions/checkout@v4	2026-10-04T05:05:34.2921627Z ##[endgroup]
compare (2)	Run actions/checkout@v4	2026-10-04T05:05:34.2922729Z ##[group]Disabling automatic garbage collection
compare (2)	Run actions/checkout@v4	2026-10-04T05:05:34.2925935Z [command]/usr/bin/git config --local gc.auto 0
compare (2)	Run actions/checkout@v4	2026-10-04T05:05:34.2953368Z ##[endgroup]
compare (2)	Run actions/checkout@v4	2026-10-04T05:05:34.2953985Z ##[group]Setting up auth
compare (2)	Run actions/checkout@v4	2026-10-04T05:05:34.2959612Z [command]/usr/bin/git config --local --name-only --get-regexp core\.sshCommand
compare (2)	Run actions/checkout@v4	2026-10-04T05:05:34.2991054Z [command]/usr/bin/git submodule foreach --recursive sh -c "git config --local --name-only --get-regexp 'core\.sshCommand' && git config --local --unset-all 'core.sshCommand' || :"
compare (2)	Run actions/checkout@v4	2026-10-04T05:05:34.3278103Z [command]/usr/bin/git config --local --name-only --get-regexp http\.https\:\/\/github\.com\/\.extraheader
compare (2)	Run actions/checkout@v4	2026-10-04T05:05:34.3310656Z [command]/usr/bin/git submodule foreach --recursive sh -c "git config --local --name-only --get-regexp 'http\.https\:\/\/github\.com\/\.extraheader' && git config --local --unset-all 'http.https://github.com/.extraheader' || :"
compare (2)	Run actions/checkout@v4	2026-10-04T05:05:34.3515053Z [command]/usr/bin/git config --local --name-only --get-regexp ^includeIf\.gitdir:
compare (2)	Run actions/checkout@v4	2026-10-04T05:05:34.3546200Z [command]/usr/bin/git submodule foreach --recursive git config --local --show-origin --name-only --get-regexp remote.origin.url
compare (2)	Run actions/checkout@v4	2026-10-04T05:05:34.3733344Z [command]/usr/bin/git config --local http.https://github.com/.extraheader AUTHORIZATION: basic ***
compare (2)	Run actions/checkout@v4	2026-10-04T05:05:34.3768581Z ##[endgroup]
compare (2)	Run actions/checkout@v4	2026-10-04T05:05:34.3769153Z ##[group]Fetching the repository
compare (2)	Run actions/checkout@v4	2026-10-04T05:05:34.3776581Z [command]/usr/bin/git -c protocol.version=2 fetch --no-tags --prune --no-recurse-submodules --depth=1 origin +03ef21d61bb1dcbe2d68e54018ba64c12960b04b:refs/remotes/origin/integration/a0-m1-selectable-20261004
compare (2)	Run actions/checkout@v4	2026-10-04T05:05:36.4386792Z From https://github.com/Qnia28/sfinder_wasm
compare (2)	Run actions/checkout@v4	2026-10-04T05:05:36.4387746Z  * [new ref]         03ef21d61bb1dcbe2d68e54018ba64c12960b04b -> origin/integration/a0-m1-selectable-20261004
compare (2)	Run actions/checkout@v4	2026-10-04T05:05:36.4393852Z ##[endgroup]
compare (2)	Run actions/checkout@v4	2026-10-04T05:05:36.4394448Z ##[group]Determining the checkout info
compare (2)	Run actions/checkout@v4	2026-10-04T05:05:36.4395097Z ##[endgroup]
compare (2)	Run actions/checkout@v4	2026-10-04T05:05:36.4399136Z [command]/usr/bin/git sparse-checkout disable
compare (2)	Run actions/checkout@v4	2026-10-04T05:05:36.4454332Z [command]/usr/bin/git config --local --unset-all extensions.worktreeConfig
compare (2)	Run actions/checkout@v4	2026-10-04T05:05:36.4480590Z ##[group]Checking out the ref
compare (2)	Run actions/checkout@v4	2026-10-04T05:05:36.4485492Z [command]/usr/bin/git checkout --progress --force -B integration/a0-m1-selectable-20261004 refs/remotes/origin/integration/a0-m1-selectable-20261004
compare (2)	Run actions/checkout@v4	2026-10-04T05:05:36.6063456Z Switched to a new branch 'integration/a0-m1-selectable-20261004'
compare (2)	Run actions/checkout@v4	2026-10-04T05:05:36.6066251Z branch 'integration/a0-m1-selectable-20261004' set up to track 'origin/integration/a0-m1-selectable-20261004'.
compare (2)	Run actions/checkout@v4	2026-10-04T05:05:36.6077387Z ##[endgroup]
compare (2)	Run actions/checkout@v4	2026-10-04T05:05:36.6120635Z [command]/usr/bin/git log -1 --format=%H
compare (2)	Run actions/checkout@v4	2026-10-04T05:05:36.6144989Z 03ef21d61bb1dcbe2d68e54018ba64c12960b04b
compare (2)	Run actions/setup-node@v4	﻿2026-10-04T05:05:36.6429993Z ##[group]Run actions/setup-node@v4
compare (2)	Run actions/setup-node@v4	2026-10-04T05:05:36.6430270Z with:
compare (2)	Run actions/setup-node@v4	2026-10-04T05:05:36.6430441Z   node-version: 24.13.0
compare (2)	Run actions/setup-node@v4	2026-10-04T05:05:36.6430632Z   always-auth: false
compare (2)	Run actions/setup-node@v4	2026-10-04T05:05:36.6430817Z   check-latest: false
compare (2)	Run actions/setup-node@v4	2026-10-04T05:05:36.6433017Z   token: ***
compare (2)	Run actions/setup-node@v4	2026-10-04T05:05:36.6433186Z ##[endgroup]
compare (2)	Run actions/setup-node@v4	2026-10-04T05:05:36.7515342Z Attempting to download 24.13.0...
compare (2)	Run actions/setup-node@v4	2026-10-04T05:05:36.7598660Z (node:2096) [DEP0040] DeprecationWarning: The `punycode` module is deprecated. Please use a userland alternative instead.
compare (2)	Run actions/setup-node@v4	2026-10-04T05:05:36.7599551Z (Use `node --trace-deprecation ...` to show where the warning was created)
compare (2)	Run actions/setup-node@v4	2026-10-04T05:05:37.7235483Z Acquiring 24.13.0 - x64 from https://github.com/actions/node-versions/releases/download/24.13.0-20981653924/node-24.13.0-linux-x64.tar.gz
compare (2)	Run actions/setup-node@v4	2026-10-04T05:05:38.3126521Z Extracting ...
compare (2)	Run actions/setup-node@v4	2026-10-04T05:05:38.3218514Z [command]/usr/bin/tar xz --strip 1 --warning=no-unknown-keyword --overwrite -C /home/runner/work/_temp/7dbf3b44-9013-4768-b6f5-3e8e9ca07f32 -f /home/runner/work/_temp/24e66076-48dd-46f7-8e65-6c56800f225a
compare (2)	Run actions/setup-node@v4	2026-10-04T05:05:39.3537182Z Adding to the cache ...
compare (2)	Run actions/setup-node@v4	2026-10-04T05:05:42.6035202Z ##[group]Environment details
compare (2)	Run actions/setup-node@v4	2026-10-04T05:05:42.7864376Z node: v24.13.0
compare (2)	Run actions/setup-node@v4	2026-10-04T05:05:42.7864815Z npm: 11.6.2
compare (2)	Run actions/setup-node@v4	2026-10-04T05:05:42.7865053Z yarn: 1.22.22
compare (2)	Run actions/setup-node@v4	2026-10-04T05:05:42.7865669Z ##[endgroup]
compare (2)	Run actions/download-artifact@v4	﻿2026-10-04T05:05:42.8024677Z ##[group]Run actions/download-artifact@v4
compare (2)	Run actions/download-artifact@v4	2026-10-04T05:05:42.8024943Z with:
compare (2)	Run actions/download-artifact@v4	2026-10-04T05:05:42.8025131Z   name: a0-m1-on-off-preflight
compare (2)	Run actions/download-artifact@v4	2026-10-04T05:05:42.8025333Z   path: .a0-m1-download
compare (2)	Run actions/download-artifact@v4	2026-10-04T05:05:42.8025518Z   merge-multiple: false
compare (2)	Run actions/download-artifact@v4	2026-10-04T05:05:42.8025704Z   repository: Qnia28/sfinder_wasm
compare (2)	Run actions/download-artifact@v4	2026-10-04T05:05:42.8025902Z   run-id: 37178792683
compare (2)	Run actions/download-artifact@v4	2026-10-04T05:05:42.8026080Z ##[endgroup]
compare (2)	Run actions/download-artifact@v4	2026-10-04T05:05:42.9210341Z Downloading single artifact
compare (2)	Run actions/download-artifact@v4	2026-10-04T05:05:42.9319528Z (node:2131) [DEP0040] DeprecationWarning: The `punycode` module is deprecated. Please use a userland alternative instead.
compare (2)	Run actions/download-artifact@v4	2026-10-04T05:05:42.9320332Z (Use `node --trace-deprecation ...` to show where the warning was created)
compare (2)	Run actions/download-artifact@v4	2026-10-04T05:05:43.1528757Z Preparing to download the following artifacts:
compare (2)	Run actions/download-artifact@v4	2026-10-04T05:05:43.1530287Z - a0-m1-on-off-preflight (ID: 11294581003, Size: 424658, Expected Digest: sha256:87e6401bb695636592d2d61f512d23996e72cc7f843442be11743e776cc2b8d0)
compare (2)	Run actions/download-artifact@v4	2026-10-04T05:05:43.3653091Z Redirecting to blob download url: https://productionresultssa11.blob.core.windows.net/actions-results/4297ffec-0255-8ee0-bba6-e9af8a0a0bfc/workflow-job-run-dc14e853-3c83-5243-80d5-0ca48845ea80/artifacts/42fca3d34ccca3badc4e3d517d40c04ed3ebd9992e70720a6ebc2028c153a759.zip
compare (2)	Run actions/download-artifact@v4	2026-10-04T05:05:43.3654365Z Starting download of artifact to: /home/runner/work/sfinder_wasm/sfinder_wasm/.a0-m1-download
compare (2)	Run actions/download-artifact@v4	2026-10-04T05:05:43.6234321Z (node:2131) [DEP0005] DeprecationWarning: Buffer() is deprecated due to security and usability issues. Please use the Buffer.alloc(), Buffer.allocUnsafe(), or Buffer.from() methods instead.
compare (2)	Run actions/download-artifact@v4	2026-10-04T05:05:43.8874675Z SHA256 digest of downloaded artifact is 87e6401bb695636592d2d61f512d23996e72cc7f843442be11743e776cc2b8d0
compare (2)	Run actions/download-artifact@v4	2026-10-04T05:05:43.8875451Z Artifact download completed successfully.
compare (2)	Run actions/download-artifact@v4	2026-10-04T05:05:43.8875917Z Total of 1 artifact(s) downloaded
compare (2)	Run actions/download-artifact@v4	2026-10-04T05:05:43.8880880Z Download artifact has finished successfully
compare (2)	Restore locked Linux bytes, not per-host rebuilds	﻿2026-10-04T05:05:43.8986327Z ##[group]Run mkdir -p .a0-m1-comparison
compare (2)	Restore locked Linux bytes, not per-host rebuilds	2026-10-04T05:05:43.8986668Z ^[[36;1mmkdir -p .a0-m1-comparison^[[0m
compare (2)	Restore locked Linux bytes, not per-host rebuilds	2026-10-04T05:05:43.8987026Z ^[[36;1mcp .a0-m1-download/.a0-m1-comparison/{ORIGIN,LOCK}.json .a0-m1-comparison/^[[0m
compare (2)	Restore locked Linux bytes, not per-host rebuilds	2026-10-04T05:05:43.8987387Z ^[[36;1mcp .a0-m1-download/wasm/*.wasm wasm/^[[0m
compare (2)	Restore locked Linux bytes, not per-host rebuilds	2026-10-04T05:05:43.8987637Z ^[[36;1mnpm ci --ignore-scripts^[[0m
compare (2)	Restore locked Linux bytes, not per-host rebuilds	2026-10-04T05:05:43.9260184Z shell: /usr/bin/bash -e {0}
compare (2)	Restore locked Linux bytes, not per-host rebuilds	2026-10-04T05:05:43.9260428Z ##[endgroup]
compare (2)	Restore locked Linux bytes, not per-host rebuilds	2026-10-04T05:05:44.3121824Z 
compare (2)	Restore locked Linux bytes, not per-host rebuilds	2026-10-04T05:05:44.3122651Z added 1 package, and audited 2 packages in 331ms
compare (2)	Restore locked Linux bytes, not per-host rebuilds	2026-10-04T05:05:44.3127339Z 
compare (2)	Restore locked Linux bytes, not per-host rebuilds	2026-10-04T05:05:44.3127777Z found 0 vulnerabilities
compare (2)	Run frozen adjacent100pairs/full requests on this host	﻿2026-10-04T05:05:44.3888607Z ##[group]Run group=/sys/fs/cgroup/a0-m1-compare-$GITHUB_RUN_ID-2
compare (2)	Run frozen adjacent100pairs/full requests on this host	2026-10-04T05:05:44.3889028Z ^[[36;1mgroup=/sys/fs/cgroup/a0-m1-compare-$GITHUB_RUN_ID-2^[[0m
compare (2)	Run frozen adjacent100pairs/full requests on this host	2026-10-04T05:05:44.3889316Z ^[[36;1msudo mkdir "$group"^[[0m
compare (2)	Run frozen adjacent100pairs/full requests on this host	2026-10-04T05:05:44.3889583Z ^[[36;1mecho '+memory' | sudo tee "$group/cgroup.subtree_control"^[[0m
compare (2)	Run frozen adjacent100pairs/full requests on this host	2026-10-04T05:05:44.3889956Z ^[[36;1mA0_CGROUP_ROOT="$group" node experiments/a0-m1-on-off-20261004/run.mjs 2^[[0m
compare (2)	Run frozen adjacent100pairs/full requests on this host	2026-10-04T05:05:44.3945629Z shell: /usr/bin/bash -e {0}
compare (2)	Run frozen adjacent100pairs/full requests on this host	2026-10-04T05:05:44.3945846Z ##[endgroup]
compare (2)	Run frozen adjacent100pairs/full requests on this host	2026-10-04T05:05:44.4983851Z +memory
compare (2)	Run frozen adjacent100pairs/full requests on this host	2026-10-04T05:05:57.3199466Z ##[error]Process completed with exit code 1.
compare (2)	Run actions/upload-artifact@v4	﻿2026-10-04T05:05:57.3256497Z ##[group]Run actions/upload-artifact@v4
compare (2)	Run actions/upload-artifact@v4	2026-10-04T05:05:57.3256740Z with:
compare (2)	Run actions/upload-artifact@v4	2026-10-04T05:05:57.3256919Z   name: a0-m1-on-off-host-2
compare (2)	Run actions/upload-artifact@v4	2026-10-04T05:05:57.3257126Z   path: .a0-m1-comparison/results/
compare (2)	Run actions/upload-artifact@v4	2026-10-04T05:05:57.3257346Z   include-hidden-files: true
compare (2)	Run actions/upload-artifact@v4	2026-10-04T05:05:57.3257548Z   if-no-files-found: error
compare (2)	Run actions/upload-artifact@v4	2026-10-04T05:05:57.3257763Z   retention-days: 7
compare (2)	Run actions/upload-artifact@v4	2026-10-04T05:05:57.3257939Z   compression-level: 6
compare (2)	Run actions/upload-artifact@v4	2026-10-04T05:05:57.3258119Z   overwrite: false
compare (2)	Run actions/upload-artifact@v4	2026-10-04T05:05:57.3258284Z ##[endgroup]
compare (2)	Run actions/upload-artifact@v4	2026-10-04T05:05:57.4589361Z (node:2816) [DEP0040] DeprecationWarning: The `punycode` module is deprecated. Please use a userland alternative instead.
compare (2)	Run actions/upload-artifact@v4	2026-10-04T05:05:57.4590057Z (Use `node --trace-deprecation ...` to show where the warning was created)
compare (2)	Run actions/upload-artifact@v4	2026-10-04T05:05:57.4643903Z With the provided path, there will be 5 files uploaded
compare (2)	Run actions/upload-artifact@v4	2026-10-04T05:05:57.4649441Z Artifact name is valid!
compare (2)	Run actions/upload-artifact@v4	2026-10-04T05:05:57.4650057Z Root directory input is valid!
compare (2)	Run actions/upload-artifact@v4	2026-10-04T05:05:57.8000350Z Beginning upload of artifact content to blob storage
compare (2)	Run actions/upload-artifact@v4	2026-10-04T05:05:57.8234755Z (node:2816) [DEP0169] DeprecationWarning: `url.parse()` behavior is not standardized and prone to errors that have security implications. Use the WHATWG URL API instead. CVEs are not issued for `url.parse()` vulnerabilities.
compare (2)	Run actions/upload-artifact@v4	2026-10-04T05:05:58.1686351Z Uploaded bytes 68379
compare (2)	Run actions/upload-artifact@v4	2026-10-04T05:05:58.2346815Z Finished uploading artifact content to blob storage!
compare (2)	Run actions/upload-artifact@v4	2026-10-04T05:05:58.2347742Z SHA256 digest of uploaded artifact zip is 1798f074df910f18c2db7b4158667e1baeb0a1978285540c78cf71519ae5ed3b
compare (2)	Run actions/upload-artifact@v4	2026-10-04T05:05:58.2348675Z Finalizing artifact upload
compare (2)	Run actions/upload-artifact@v4	2026-10-04T05:05:58.4980706Z Artifact a0-m1-on-off-host-2.zip successfully finalized. Artifact ID 11294521122
compare (2)	Run actions/upload-artifact@v4	2026-10-04T05:05:58.4981488Z Artifact a0-m1-on-off-host-2 has been successfully uploaded! Final size is 68379 bytes. Artifact ID is 11294521122
compare (2)	Run actions/upload-artifact@v4	2026-10-04T05:05:58.4986838Z Artifact download URL: https://github.com/Qnia28/sfinder_wasm/actions/runs/37178792683/artifacts/11294521122
compare (2)	Post Run actions/checkout@v4	﻿2026-10-04T05:05:58.5165463Z Post job cleanup.
compare (2)	Post Run actions/checkout@v4	2026-10-04T05:05:58.5855786Z [command]/usr/bin/git version
compare (2)	Post Run actions/checkout@v4	2026-10-04T05:05:58.5891504Z git version 2.55.0
compare (2)	Post Run actions/checkout@v4	2026-10-04T05:05:58.5921244Z Temporarily overriding HOME='/home/runner/work/_temp/4ddb6fbc-b5fb-420e-9996-f81cc5955783' before making global git config changes
compare (2)	Post Run actions/checkout@v4	2026-10-04T05:05:58.5924619Z Adding repository directory to the temporary git global config as a safe directory
compare (2)	Post Run actions/checkout@v4	2026-10-04T05:05:58.5926412Z [command]/usr/bin/git config --global --add safe.directory /home/runner/work/sfinder_wasm/sfinder_wasm
compare (2)	Post Run actions/checkout@v4	2026-10-04T05:05:58.5959989Z [command]/usr/bin/git config --local --name-only --get-regexp core\.sshCommand
compare (2)	Post Run actions/checkout@v4	2026-10-04T05:05:58.5987695Z [command]/usr/bin/git submodule foreach --recursive sh -c "git config --local --name-only --get-regexp 'core\.sshCommand' && git config --local --unset-all 'core.sshCommand' || :"
compare (2)	Post Run actions/checkout@v4	2026-10-04T05:05:58.6205825Z [command]/usr/bin/git config --local --name-only --get-regexp http\.https\:\/\/github\.com\/\.extraheader
compare (2)	Post Run actions/checkout@v4	2026-10-04T05:05:58.6231041Z http.https://github.com/.extraheader
compare (2)	Post Run actions/checkout@v4	2026-10-04T05:05:58.6240234Z [command]/usr/bin/git config --local --unset-all http.https://github.com/.extraheader
compare (2)	Post Run actions/checkout@v4	2026-10-04T05:05:58.6270565Z [command]/usr/bin/git submodule foreach --recursive sh -c "git config --local --name-only --get-regexp 'http\.https\:\/\/github\.com\/\.extraheader' && git config --local --unset-all 'http.https://github.com/.extraheader' || :"
compare (2)	Post Run actions/checkout@v4	2026-10-04T05:05:58.6501811Z [command]/usr/bin/git config --local --name-only --get-regexp ^includeIf\.gitdir:
compare (2)	Post Run actions/checkout@v4	2026-10-04T05:05:58.6526048Z [command]/usr/bin/git submodule foreach --recursive git config --local --show-origin --name-only --get-regexp remote.origin.url
compare (2)	Complete job	﻿2026-10-04T05:05:58.6851667Z Cleaning up orphan processes
compare (2)	Complete job	2026-10-04T05:05:58.7126139Z ##[warning]Node.js 20 is deprecated. The following actions target Node.js 20 but are being forced to run on Node.js 24: actions/checkout@v4, actions/download-artifact@v4, actions/setup-node@v4, actions/upload-artifact@v4. For more information see: https://github.blog/changelog/2025-09-19-deprecation-of-node-20-on-github-actions-runners/
compare (6)	Set up job	﻿2026-10-04T05:06:06.6347285Z Current runner version: '2.337.0'
compare (6)	Set up job	2026-10-04T05:06:06.6383592Z ##[group]Runner Image Provisioner
compare (6)	Set up job	2026-10-04T05:06:06.6385046Z Hosted Compute Agent
compare (6)	Set up job	2026-10-04T05:06:06.6386026Z Version: 20260901.588
compare (6)	Set up job	2026-10-04T05:06:06.6387408Z Commit: f88ec8081b781fac6c440065ac7ff9e710ce3d0b
compare (6)	Set up job	2026-10-04T05:06:06.6388922Z Build Date: 2026-09-01T19:56:44Z
compare (6)	Set up job	2026-10-04T05:06:06.6390254Z Worker ID: {34cf8d67-abaa-4359-97ba-9107c558c701}
compare (6)	Set up job	2026-10-04T05:06:06.6391623Z Azure Region: eastus2
compare (6)	Set up job	2026-10-04T05:06:06.6392743Z ##[endgroup]
compare (6)	Set up job	2026-10-04T05:06:06.6395280Z ##[group]Operating System
compare (6)	Set up job	2026-10-04T05:06:06.6396567Z Ubuntu
compare (6)	Set up job	2026-10-04T05:06:06.6397920Z 24.04.5
compare (6)	Set up job	2026-10-04T05:06:06.6398974Z LTS
compare (6)	Set up job	2026-10-04T05:06:06.6399958Z ##[endgroup]
compare (6)	Set up job	2026-10-04T05:06:06.6400989Z ##[group]Runner Image
compare (6)	Set up job	2026-10-04T05:06:06.6402227Z Image: ubuntu-24.04
compare (6)	Set up job	2026-10-04T05:06:06.6403321Z Version: 20260927.320.1
compare (6)	Set up job	2026-10-04T05:06:06.6405892Z Included Software: https://github.com/actions/runner-images/blob/ubuntu24/20260927.320/images/ubuntu/Ubuntu2404-Readme.md
compare (6)	Set up job	2026-10-04T05:06:06.6409264Z Image Release: https://github.com/actions/runner-images/releases/tag/ubuntu24%2F20260927.320
compare (6)	Set up job	2026-10-04T05:06:06.6411255Z ##[endgroup]
compare (6)	Set up job	2026-10-04T05:06:06.6413538Z ##[group]GITHUB_TOKEN Permissions
compare (6)	Set up job	2026-10-04T05:06:06.6416579Z Actions: read
compare (6)	Set up job	2026-10-04T05:06:06.6417830Z Contents: read
compare (6)	Set up job	2026-10-04T05:06:06.6418873Z Metadata: read
compare (6)	Set up job	2026-10-04T05:06:06.6419930Z ##[endgroup]
compare (6)	Set up job	2026-10-04T05:06:06.6423277Z Secret source: Actions
compare (6)	Set up job	2026-10-04T05:06:06.6424952Z Cache mode: write
compare (6)	Set up job	2026-10-04T05:06:06.6427617Z Prepare workflow directory
compare (6)	Set up job	2026-10-04T05:06:06.6916897Z Prepare all required actions
compare (6)	Set up job	2026-10-04T05:06:06.6987418Z Getting action download info
compare (6)	Set up job	2026-10-04T05:06:06.9389865Z Download action repository 'actions/checkout@v4' (SHA:11d5960a326750d5838078e36cf38b85af677262)
compare (6)	Set up job	2026-10-04T05:06:07.0362495Z Download action repository 'actions/setup-node@v4' (SHA:49933ea5288caeca8642d1e84afbd3f7d6820020)
compare (6)	Set up job	2026-10-04T05:06:07.1228555Z Download action repository 'actions/download-artifact@v4' (SHA:d3f86a106a0bac45b974a628896c90dbdf5c8093)
compare (6)	Set up job	2026-10-04T05:06:07.3245638Z Download action repository 'actions/upload-artifact@v4' (SHA:ea165f8d65b6e75b540449e92b4886f43607fa02)
compare (6)	Set up job	2026-10-04T05:06:07.5401086Z Complete job name: compare (6)
compare (6)	Run actions/checkout@v4	﻿2026-10-04T05:06:07.6185562Z ##[group]Run actions/checkout@v4
compare (6)	Run actions/checkout@v4	2026-10-04T05:06:07.6186488Z with:
compare (6)	Run actions/checkout@v4	2026-10-04T05:06:07.6187413Z   repository: Qnia28/sfinder_wasm
compare (6)	Run actions/checkout@v4	2026-10-04T05:06:07.6191161Z   token: ***
compare (6)	Run actions/checkout@v4	2026-10-04T05:06:07.6191593Z   ssh-strict: true
compare (6)	Run actions/checkout@v4	2026-10-04T05:06:07.6192022Z   ssh-user: git
compare (6)	Run actions/checkout@v4	2026-10-04T05:06:07.6192463Z   persist-credentials: true
compare (6)	Run actions/checkout@v4	2026-10-04T05:06:07.6192938Z   clean: true
compare (6)	Run actions/checkout@v4	2026-10-04T05:06:07.6193376Z   sparse-checkout-cone-mode: true
compare (6)	Run actions/checkout@v4	2026-10-04T05:06:07.6193888Z   fetch-depth: 1
compare (6)	Run actions/checkout@v4	2026-10-04T05:06:07.6194311Z   fetch-tags: false
compare (6)	Run actions/checkout@v4	2026-10-04T05:06:07.6194741Z   show-progress: true
compare (6)	Run actions/checkout@v4	2026-10-04T05:06:07.6195174Z   lfs: false
compare (6)	Run actions/checkout@v4	2026-10-04T05:06:07.6195570Z   submodules: false
compare (6)	Run actions/checkout@v4	2026-10-04T05:06:07.6196008Z   set-safe-directory: true
compare (6)	Run actions/checkout@v4	2026-10-04T05:06:07.6196499Z   allow-unsafe-pr-checkout: false
compare (6)	Run actions/checkout@v4	2026-10-04T05:06:07.6197585Z ##[endgroup]
compare (6)	Run actions/checkout@v4	2026-10-04T05:06:07.7311150Z Syncing repository: Qnia28/sfinder_wasm
compare (6)	Run actions/checkout@v4	2026-10-04T05:06:07.7313867Z ##[group]Getting Git version info
compare (6)	Run actions/checkout@v4	2026-10-04T05:06:07.7315193Z Working directory is '/home/runner/work/sfinder_wasm/sfinder_wasm'
compare (6)	Run actions/checkout@v4	2026-10-04T05:06:07.7317535Z [command]/usr/bin/git version
compare (6)	Run actions/checkout@v4	2026-10-04T05:06:07.7404384Z git version 2.55.0
compare (6)	Run actions/checkout@v4	2026-10-04T05:06:07.7434482Z ##[endgroup]
compare (6)	Run actions/checkout@v4	2026-10-04T05:06:07.7452232Z Temporarily overriding HOME='/home/runner/work/_temp/7abc3443-b164-4296-9ceb-fe284bed483d' before making global git config changes
compare (6)	Run actions/checkout@v4	2026-10-04T05:06:07.7468750Z Adding repository directory to the temporary git global config as a safe directory
compare (6)	Run actions/checkout@v4	2026-10-04T05:06:07.7471364Z [command]/usr/bin/git config --global --add safe.directory /home/runner/work/sfinder_wasm/sfinder_wasm
compare (6)	Run actions/checkout@v4	2026-10-04T05:06:07.7533359Z Deleting the contents of '/home/runner/work/sfinder_wasm/sfinder_wasm'
compare (6)	Run actions/checkout@v4	2026-10-04T05:06:07.7538556Z ##[group]Initializing the repository
compare (6)	Run actions/checkout@v4	2026-10-04T05:06:07.7543684Z [command]/usr/bin/git init /home/runner/work/sfinder_wasm/sfinder_wasm
compare (6)	Run actions/checkout@v4	2026-10-04T05:06:07.7690601Z hint: Using 'master' as the name for the initial branch. This default branch name
compare (6)	Run actions/checkout@v4	2026-10-04T05:06:07.7691754Z hint: will change to "main" in Git 3.0. To configure the initial branch name
compare (6)	Run actions/checkout@v4	2026-10-04T05:06:07.7692745Z hint: to use in all of your new repositories, which will suppress this warning,
compare (6)	Run actions/checkout@v4	2026-10-04T05:06:07.7693491Z hint: call:
compare (6)	Run actions/checkout@v4	2026-10-04T05:06:07.7694184Z hint:
compare (6)	Run actions/checkout@v4	2026-10-04T05:06:07.7694719Z hint: 	git config --global init.defaultBranch <name>
compare (6)	Run actions/checkout@v4	2026-10-04T05:06:07.7695325Z hint:
compare (6)	Run actions/checkout@v4	2026-10-04T05:06:07.7695907Z hint: Names commonly chosen instead of 'master' are 'main', 'trunk' and
compare (6)	Run actions/checkout@v4	2026-10-04T05:06:07.7697157Z hint: 'development'. The just-created branch can be renamed via this command:
compare (6)	Run actions/checkout@v4	2026-10-04T05:06:07.7697900Z hint:
compare (6)	Run actions/checkout@v4	2026-10-04T05:06:07.7698306Z hint: 	git branch -m <name>
compare (6)	Run actions/checkout@v4	2026-10-04T05:06:07.7698770Z hint:
compare (6)	Run actions/checkout@v4	2026-10-04T05:06:07.7699390Z hint: Disable this message with "git config set advice.defaultBranchName false"
compare (6)	Run actions/checkout@v4	2026-10-04T05:06:07.7705636Z Initialized empty Git repository in /home/runner/work/sfinder_wasm/sfinder_wasm/.git/
compare (6)	Run actions/checkout@v4	2026-10-04T05:06:07.7719165Z [command]/usr/bin/git remote add origin https://github.com/Qnia28/sfinder_wasm
compare (6)	Run actions/checkout@v4	2026-10-04T05:06:07.7776568Z ##[endgroup]
compare (6)	Run actions/checkout@v4	2026-10-04T05:06:07.7778252Z ##[group]Disabling automatic garbage collection
compare (6)	Run actions/checkout@v4	2026-10-04T05:06:07.7781342Z [command]/usr/bin/git config --local gc.auto 0
compare (6)	Run actions/checkout@v4	2026-10-04T05:06:07.7820432Z ##[endgroup]
compare (6)	Run actions/checkout@v4	2026-10-04T05:06:07.7821752Z ##[group]Setting up auth
compare (6)	Run actions/checkout@v4	2026-10-04T05:06:07.7823231Z [command]/usr/bin/git config --local --name-only --get-regexp core\.sshCommand
compare (6)	Run actions/checkout@v4	2026-10-04T05:06:07.7856380Z [command]/usr/bin/git submodule foreach --recursive sh -c "git config --local --name-only --get-regexp 'core\.sshCommand' && git config --local --unset-all 'core.sshCommand' || :"
compare (6)	Run actions/checkout@v4	2026-10-04T05:06:07.8258835Z [command]/usr/bin/git config --local --name-only --get-regexp http\.https\:\/\/github\.com\/\.extraheader
compare (6)	Run actions/checkout@v4	2026-10-04T05:06:07.8298118Z [command]/usr/bin/git submodule foreach --recursive sh -c "git config --local --name-only --get-regexp 'http\.https\:\/\/github\.com\/\.extraheader' && git config --local --unset-all 'http.https://github.com/.extraheader' || :"
compare (6)	Run actions/checkout@v4	2026-10-04T05:06:07.8529974Z [command]/usr/bin/git config --local --name-only --get-regexp ^includeIf\.gitdir:
compare (6)	Run actions/checkout@v4	2026-10-04T05:06:07.8569266Z [command]/usr/bin/git submodule foreach --recursive git config --local --show-origin --name-only --get-regexp remote.origin.url
compare (6)	Run actions/checkout@v4	2026-10-04T05:06:07.8802248Z [command]/usr/bin/git config --local http.https://github.com/.extraheader AUTHORIZATION: basic ***
compare (6)	Run actions/checkout@v4	2026-10-04T05:06:07.8847011Z ##[endgroup]
compare (6)	Run actions/checkout@v4	2026-10-04T05:06:07.8847904Z ##[group]Fetching the repository
compare (6)	Run actions/checkout@v4	2026-10-04T05:06:07.8859577Z [command]/usr/bin/git -c protocol.version=2 fetch --no-tags --prune --no-recurse-submodules --depth=1 origin +03ef21d61bb1dcbe2d68e54018ba64c12960b04b:refs/remotes/origin/integration/a0-m1-selectable-20261004
compare (6)	Run actions/checkout@v4	2026-10-04T05:06:08.8961540Z From https://github.com/Qnia28/sfinder_wasm
compare (6)	Run actions/checkout@v4	2026-10-04T05:06:08.8964350Z  * [new ref]         03ef21d61bb1dcbe2d68e54018ba64c12960b04b -> origin/integration/a0-m1-selectable-20261004
compare (6)	Run actions/checkout@v4	2026-10-04T05:06:08.8971050Z ##[endgroup]
compare (6)	Run actions/checkout@v4	2026-10-04T05:06:08.8973275Z ##[group]Determining the checkout info
compare (6)	Run actions/checkout@v4	2026-10-04T05:06:08.8975930Z ##[endgroup]
compare (6)	Run actions/checkout@v4	2026-10-04T05:06:08.8978013Z [command]/usr/bin/git sparse-checkout disable
compare (6)	Run actions/checkout@v4	2026-10-04T05:06:08.9035594Z [command]/usr/bin/git config --local --unset-all extensions.worktreeConfig
compare (6)	Run actions/checkout@v4	2026-10-04T05:06:08.9069841Z ##[group]Checking out the ref
compare (6)	Run actions/checkout@v4	2026-10-04T05:06:08.9077053Z [command]/usr/bin/git checkout --progress --force -B integration/a0-m1-selectable-20261004 refs/remotes/origin/integration/a0-m1-selectable-20261004
compare (6)	Run actions/checkout@v4	2026-10-04T05:06:09.0950646Z Switched to a new branch 'integration/a0-m1-selectable-20261004'
compare (6)	Run actions/checkout@v4	2026-10-04T05:06:09.0956279Z branch 'integration/a0-m1-selectable-20261004' set up to track 'origin/integration/a0-m1-selectable-20261004'.
compare (6)	Run actions/checkout@v4	2026-10-04T05:06:09.0968602Z ##[endgroup]
compare (6)	Run actions/checkout@v4	2026-10-04T05:06:09.1019864Z [command]/usr/bin/git log -1 --format=%H
compare (6)	Run actions/checkout@v4	2026-10-04T05:06:09.1050634Z 03ef21d61bb1dcbe2d68e54018ba64c12960b04b
compare (6)	Run actions/setup-node@v4	﻿2026-10-04T05:06:09.1503140Z ##[group]Run actions/setup-node@v4
compare (6)	Run actions/setup-node@v4	2026-10-04T05:06:09.1504399Z with:
compare (6)	Run actions/setup-node@v4	2026-10-04T05:06:09.1505275Z   node-version: 24.13.0
compare (6)	Run actions/setup-node@v4	2026-10-04T05:06:09.1506298Z   always-auth: false
compare (6)	Run actions/setup-node@v4	2026-10-04T05:06:09.1507769Z   check-latest: false
compare (6)	Run actions/setup-node@v4	2026-10-04T05:06:09.1516428Z   token: ***
compare (6)	Run actions/setup-node@v4	2026-10-04T05:06:09.1517600Z ##[endgroup]
compare (6)	Run actions/setup-node@v4	2026-10-04T05:06:09.2915315Z Attempting to download 24.13.0...
compare (6)	Run actions/setup-node@v4	2026-10-04T05:06:09.3026051Z (node:2326) [DEP0040] DeprecationWarning: The `punycode` module is deprecated. Please use a userland alternative instead.
compare (6)	Run actions/setup-node@v4	2026-10-04T05:06:09.3029834Z (Use `node --trace-deprecation ...` to show where the warning was created)
compare (6)	Run actions/setup-node@v4	2026-10-04T05:06:09.8678299Z Acquiring 24.13.0 - x64 from https://github.com/actions/node-versions/releases/download/24.13.0-20981653924/node-24.13.0-linux-x64.tar.gz
compare (6)	Run actions/setup-node@v4	2026-10-04T05:06:10.3177699Z Extracting ...
compare (6)	Run actions/setup-node@v4	2026-10-04T05:06:10.3294768Z [command]/usr/bin/tar xz --strip 1 --warning=no-unknown-keyword --overwrite -C /home/runner/work/_temp/ab4977e5-419e-40e6-9529-d6324fd54d5b -f /home/runner/work/_temp/53fca9ba-c8f6-4b5f-be87-43f25a7113c1
compare (6)	Run actions/setup-node@v4	2026-10-04T05:06:11.5598156Z Adding to the cache ...
compare (6)	Run actions/setup-node@v4	2026-10-04T05:06:13.5707194Z ##[group]Environment details
compare (6)	Run actions/setup-node@v4	2026-10-04T05:06:13.8095653Z node: v24.13.0
compare (6)	Run actions/setup-node@v4	2026-10-04T05:06:13.8096490Z npm: 11.6.2
compare (6)	Run actions/setup-node@v4	2026-10-04T05:06:13.8097417Z yarn: 1.22.22
compare (6)	Run actions/setup-node@v4	2026-10-04T05:06:13.8098447Z ##[endgroup]
compare (6)	Run actions/download-artifact@v4	﻿2026-10-04T05:06:13.8287513Z ##[group]Run actions/download-artifact@v4
compare (6)	Run actions/download-artifact@v4	2026-10-04T05:06:13.8287899Z with:
compare (6)	Run actions/download-artifact@v4	2026-10-04T05:06:13.8288137Z   name: a0-m1-on-off-preflight
compare (6)	Run actions/download-artifact@v4	2026-10-04T05:06:13.8288405Z   path: .a0-m1-download
compare (6)	Run actions/download-artifact@v4	2026-10-04T05:06:13.8288645Z   merge-multiple: false
compare (6)	Run actions/download-artifact@v4	2026-10-04T05:06:13.8288890Z   repository: Qnia28/sfinder_wasm
compare (6)	Run actions/download-artifact@v4	2026-10-04T05:06:13.8289159Z   run-id: 37178792683
compare (6)	Run actions/download-artifact@v4	2026-10-04T05:06:13.8289397Z ##[endgroup]
compare (6)	Run actions/download-artifact@v4	2026-10-04T05:06:13.9792997Z Downloading single artifact
compare (6)	Run actions/download-artifact@v4	2026-10-04T05:06:13.9936910Z (node:2361) [DEP0040] DeprecationWarning: The `punycode` module is deprecated. Please use a userland alternative instead.
compare (6)	Run actions/download-artifact@v4	2026-10-04T05:06:13.9938144Z (Use `node --trace-deprecation ...` to show where the warning was created)
compare (6)	Run actions/download-artifact@v4	2026-10-04T05:06:14.0849000Z Preparing to download the following artifacts:
compare (6)	Run actions/download-artifact@v4	2026-10-04T05:06:14.0851027Z - a0-m1-on-off-preflight (ID: 11294581003, Size: 424658, Expected Digest: sha256:87e6401bb695636592d2d61f512d23996e72cc7f843442be11743e776cc2b8d0)
compare (6)	Run actions/download-artifact@v4	2026-10-04T05:06:14.2236435Z Redirecting to blob download url: https://productionresultssa11.blob.core.windows.net/actions-results/4297ffec-0255-8ee0-bba6-e9af8a0a0bfc/workflow-job-run-dc14e853-3c83-5243-80d5-0ca48845ea80/artifacts/42fca3d34ccca3badc4e3d517d40c04ed3ebd9992e70720a6ebc2028c153a759.zip
compare (6)	Run actions/download-artifact@v4	2026-10-04T05:06:14.2239714Z Starting download of artifact to: /home/runner/work/sfinder_wasm/sfinder_wasm/.a0-m1-download
compare (6)	Run actions/download-artifact@v4	2026-10-04T05:06:14.2845973Z (node:2361) [DEP0005] DeprecationWarning: Buffer() is deprecated due to security and usability issues. Please use the Buffer.alloc(), Buffer.allocUnsafe(), or Buffer.from() methods instead.
compare (6)	Run actions/download-artifact@v4	2026-10-04T05:06:14.3177262Z SHA256 digest of downloaded artifact is 87e6401bb695636592d2d61f512d23996e72cc7f843442be11743e776cc2b8d0
compare (6)	Run actions/download-artifact@v4	2026-10-04T05:06:14.3178528Z Artifact download completed successfully.
compare (6)	Run actions/download-artifact@v4	2026-10-04T05:06:14.3179200Z Total of 1 artifact(s) downloaded
compare (6)	Run actions/download-artifact@v4	2026-10-04T05:06:14.3185912Z Download artifact has finished successfully
compare (6)	Restore locked Linux bytes, not per-host rebuilds	﻿2026-10-04T05:06:14.3349865Z ##[group]Run mkdir -p .a0-m1-comparison
compare (6)	Restore locked Linux bytes, not per-host rebuilds	2026-10-04T05:06:14.3350291Z ^[[36;1mmkdir -p .a0-m1-comparison^[[0m
compare (6)	Restore locked Linux bytes, not per-host rebuilds	2026-10-04T05:06:14.3350741Z ^[[36;1mcp .a0-m1-download/.a0-m1-comparison/{ORIGIN,LOCK}.json .a0-m1-comparison/^[[0m
compare (6)	Restore locked Linux bytes, not per-host rebuilds	2026-10-04T05:06:14.3351194Z ^[[36;1mcp .a0-m1-download/wasm/*.wasm wasm/^[[0m
compare (6)	Restore locked Linux bytes, not per-host rebuilds	2026-10-04T05:06:14.3351510Z ^[[36;1mnpm ci --ignore-scripts^[[0m
compare (6)	Restore locked Linux bytes, not per-host rebuilds	2026-10-04T05:06:14.3667488Z shell: /usr/bin/bash -e {0}
compare (6)	Restore locked Linux bytes, not per-host rebuilds	2026-10-04T05:06:14.3667811Z ##[endgroup]
compare (6)	Restore locked Linux bytes, not per-host rebuilds	2026-10-04T05:06:14.8544405Z 
compare (6)	Restore locked Linux bytes, not per-host rebuilds	2026-10-04T05:06:14.8547421Z added 1 package, and audited 2 packages in 423ms
compare (6)	Restore locked Linux bytes, not per-host rebuilds	2026-10-04T05:06:14.8552529Z 
compare (6)	Restore locked Linux bytes, not per-host rebuilds	2026-10-04T05:06:14.8931826Z found 0 vulnerabilities
compare (6)	Run frozen adjacent100pairs/full requests on this host	﻿2026-10-04T05:06:14.8988455Z ##[group]Run group=/sys/fs/cgroup/a0-m1-compare-$GITHUB_RUN_ID-6
compare (6)	Run frozen adjacent100pairs/full requests on this host	2026-10-04T05:06:14.8988961Z ^[[36;1mgroup=/sys/fs/cgroup/a0-m1-compare-$GITHUB_RUN_ID-6^[[0m
compare (6)	Run frozen adjacent100pairs/full requests on this host	2026-10-04T05:06:14.8989317Z ^[[36;1msudo mkdir "$group"^[[0m
compare (6)	Run frozen adjacent100pairs/full requests on this host	2026-10-04T05:06:14.8989647Z ^[[36;1mecho '+memory' | sudo tee "$group/cgroup.subtree_control"^[[0m
compare (6)	Run frozen adjacent100pairs/full requests on this host	2026-10-04T05:06:14.8990132Z ^[[36;1mA0_CGROUP_ROOT="$group" node experiments/a0-m1-on-off-20261004/run.mjs 6^[[0m
compare (6)	Run frozen adjacent100pairs/full requests on this host	2026-10-04T05:06:14.9055039Z shell: /usr/bin/bash -e {0}
compare (6)	Run frozen adjacent100pairs/full requests on this host	2026-10-04T05:06:14.9055322Z ##[endgroup]
compare (6)	Run frozen adjacent100pairs/full requests on this host	2026-10-04T05:06:14.9277824Z +memory
compare (6)	Run frozen adjacent100pairs/full requests on this host	2026-10-04T05:06:28.6548944Z ##[error]Process completed with exit code 1.
compare (6)	Run actions/upload-artifact@v4	﻿2026-10-04T05:06:28.6619380Z ##[group]Run actions/upload-artifact@v4
compare (6)	Run actions/upload-artifact@v4	2026-10-04T05:06:28.6619719Z with:
compare (6)	Run actions/upload-artifact@v4	2026-10-04T05:06:28.6619938Z   name: a0-m1-on-off-host-6
compare (6)	Run actions/upload-artifact@v4	2026-10-04T05:06:28.6620199Z   path: .a0-m1-comparison/results/
compare (6)	Run actions/upload-artifact@v4	2026-10-04T05:06:28.6620486Z   include-hidden-files: true
compare (6)	Run actions/upload-artifact@v4	2026-10-04T05:06:28.6620754Z   if-no-files-found: error
compare (6)	Run actions/upload-artifact@v4	2026-10-04T05:06:28.6621027Z   retention-days: 7
compare (6)	Run actions/upload-artifact@v4	2026-10-04T05:06:28.6621249Z   compression-level: 6
compare (6)	Run actions/upload-artifact@v4	2026-10-04T05:06:28.6621477Z   overwrite: false
compare (6)	Run actions/upload-artifact@v4	2026-10-04T05:06:28.6621692Z ##[endgroup]
compare (6)	Run actions/upload-artifact@v4	2026-10-04T05:06:28.8276360Z (node:3043) [DEP0040] DeprecationWarning: The `punycode` module is deprecated. Please use a userland alternative instead.
compare (6)	Run actions/upload-artifact@v4	2026-10-04T05:06:28.8277606Z (Use `node --trace-deprecation ...` to show where the warning was created)
compare (6)	Run actions/upload-artifact@v4	2026-10-04T05:06:28.8351800Z With the provided path, there will be 5 files uploaded
compare (6)	Run actions/upload-artifact@v4	2026-10-04T05:06:28.8358576Z Artifact name is valid!
compare (6)	Run actions/upload-artifact@v4	2026-10-04T05:06:28.8359534Z Root directory input is valid!
compare (6)	Run actions/upload-artifact@v4	2026-10-04T05:06:29.0539337Z Beginning upload of artifact content to blob storage
compare (6)	Run actions/upload-artifact@v4	2026-10-04T05:06:29.0899705Z (node:3043) [DEP0169] DeprecationWarning: `url.parse()` behavior is not standardized and prone to errors that have security implications. Use the WHATWG URL API instead. CVEs are not issued for `url.parse()` vulnerabilities.
compare (6)	Run actions/upload-artifact@v4	2026-10-04T05:06:29.1445635Z Uploaded bytes 68385
compare (6)	Run actions/upload-artifact@v4	2026-10-04T05:06:29.1637551Z Finished uploading artifact content to blob storage!
compare (6)	Run actions/upload-artifact@v4	2026-10-04T05:06:29.1639020Z SHA256 digest of uploaded artifact zip is 7d4b543954de412ab93ccb89b848ab2e798a73d4f44afb0d805b69fb5e16139b
compare (6)	Run actions/upload-artifact@v4	2026-10-04T05:06:29.1647949Z Finalizing artifact upload
compare (6)	Run actions/upload-artifact@v4	2026-10-04T05:06:29.3761927Z Artifact a0-m1-on-off-host-6.zip successfully finalized. Artifact ID 11294256579
compare (6)	Run actions/upload-artifact@v4	2026-10-04T05:06:29.3763264Z Artifact a0-m1-on-off-host-6 has been successfully uploaded! Final size is 68385 bytes. Artifact ID is 11294256579
compare (6)	Run actions/upload-artifact@v4	2026-10-04T05:06:29.3771712Z Artifact download URL: https://github.com/Qnia28/sfinder_wasm/actions/runs/37178792683/artifacts/11294256579
compare (6)	Post Run actions/checkout@v4	﻿2026-10-04T05:06:29.4003721Z Post job cleanup.
compare (6)	Post Run actions/checkout@v4	2026-10-04T05:06:29.4888617Z [command]/usr/bin/git version
compare (6)	Post Run actions/checkout@v4	2026-10-04T05:06:29.4934904Z git version 2.55.0
compare (6)	Post Run actions/checkout@v4	2026-10-04T05:06:29.4980979Z Temporarily overriding HOME='/home/runner/work/_temp/b246fafa-01ef-4159-b248-6d5f0e5898ee' before making global git config changes
compare (6)	Post Run actions/checkout@v4	2026-10-04T05:06:29.4982807Z Adding repository directory to the temporary git global config as a safe directory
compare (6)	Post Run actions/checkout@v4	2026-10-04T05:06:29.4987543Z [command]/usr/bin/git config --global --add safe.directory /home/runner/work/sfinder_wasm/sfinder_wasm
compare (6)	Post Run actions/checkout@v4	2026-10-04T05:06:29.5026425Z [command]/usr/bin/git config --local --name-only --get-regexp core\.sshCommand
compare (6)	Post Run actions/checkout@v4	2026-10-04T05:06:29.5062603Z [command]/usr/bin/git submodule foreach --recursive sh -c "git config --local --name-only --get-regexp 'core\.sshCommand' && git config --local --unset-all 'core.sshCommand' || :"
compare (6)	Post Run actions/checkout@v4	2026-10-04T05:06:29.5320712Z [command]/usr/bin/git config --local --name-only --get-regexp http\.https\:\/\/github\.com\/\.extraheader
compare (6)	Post Run actions/checkout@v4	2026-10-04T05:06:29.5354596Z http.https://github.com/.extraheader
compare (6)	Post Run actions/checkout@v4	2026-10-04T05:06:29.5367374Z [command]/usr/bin/git config --local --unset-all http.https://github.com/.extraheader
compare (6)	Post Run actions/checkout@v4	2026-10-04T05:06:29.5409023Z [command]/usr/bin/git submodule foreach --recursive sh -c "git config --local --name-only --get-regexp 'http\.https\:\/\/github\.com\/\.extraheader' && git config --local --unset-all 'http.https://github.com/.extraheader' || :"
compare (6)	Post Run actions/checkout@v4	2026-10-04T05:06:29.5682259Z [command]/usr/bin/git config --local --name-only --get-regexp ^includeIf\.gitdir:
compare (6)	Post Run actions/checkout@v4	2026-10-04T05:06:29.5722902Z [command]/usr/bin/git submodule foreach --recursive git config --local --show-origin --name-only --get-regexp remote.origin.url
compare (6)	Complete job	﻿2026-10-04T05:06:29.6125827Z Cleaning up orphan processes
compare (6)	Complete job	2026-10-04T05:06:29.6460498Z ##[warning]Node.js 20 is deprecated. The following actions target Node.js 20 but are being forced to run on Node.js 24: actions/checkout@v4, actions/download-artifact@v4, actions/setup-node@v4, actions/upload-artifact@v4. For more information see: https://github.blog/changelog/2025-09-19-deprecation-of-node-20-on-github-actions-runners/
compare (4)	Set up job	﻿2026-10-04T05:05:30.9355993Z Current runner version: '2.337.0'
compare (4)	Set up job	2026-10-04T05:05:30.9381975Z ##[group]Runner Image Provisioner
compare (4)	Set up job	2026-10-04T05:05:30.9382893Z Hosted Compute Agent
compare (4)	Set up job	2026-10-04T05:05:30.9383652Z Version: 20260901.588
compare (4)	Set up job	2026-10-04T05:05:30.9384304Z Commit: f88ec8081b781fac6c440065ac7ff9e710ce3d0b
compare (4)	Set up job	2026-10-04T05:05:30.9385095Z Build Date: 2026-09-01T19:56:44Z
compare (4)	Set up job	2026-10-04T05:05:30.9385785Z Worker ID: {ca0366ba-4440-4f37-92ae-6d2660d2ed20}
compare (4)	Set up job	2026-10-04T05:05:30.9386549Z Azure Region: canadaeast
compare (4)	Set up job	2026-10-04T05:05:30.9387137Z ##[endgroup]
compare (4)	Set up job	2026-10-04T05:05:30.9389117Z ##[group]Operating System
compare (4)	Set up job	2026-10-04T05:05:30.9389891Z Ubuntu
compare (4)	Set up job	2026-10-04T05:05:30.9390419Z 24.04.5
compare (4)	Set up job	2026-10-04T05:05:30.9391021Z LTS
compare (4)	Set up job	2026-10-04T05:05:30.9391536Z ##[endgroup]
compare (4)	Set up job	2026-10-04T05:05:30.9392109Z ##[group]Runner Image
compare (4)	Set up job	2026-10-04T05:05:30.9392770Z Image: ubuntu-24.04
compare (4)	Set up job	2026-10-04T05:05:30.9393340Z Version: 20260927.320.1
compare (4)	Set up job	2026-10-04T05:05:30.9394878Z Included Software: https://github.com/actions/runner-images/blob/ubuntu24/20260927.320/images/ubuntu/Ubuntu2404-Readme.md
compare (4)	Set up job	2026-10-04T05:05:30.9396647Z Image Release: https://github.com/actions/runner-images/releases/tag/ubuntu24%2F20260927.320
compare (4)	Set up job	2026-10-04T05:05:30.9397812Z ##[endgroup]
compare (4)	Set up job	2026-10-04T05:05:30.9399360Z ##[group]GITHUB_TOKEN Permissions
compare (4)	Set up job	2026-10-04T05:05:30.9401571Z Actions: read
compare (4)	Set up job	2026-10-04T05:05:30.9402274Z Contents: read
compare (4)	Set up job	2026-10-04T05:05:30.9402913Z Metadata: read
compare (4)	Set up job	2026-10-04T05:05:30.9403480Z ##[endgroup]
compare (4)	Set up job	2026-10-04T05:05:30.9405899Z Secret source: Actions
compare (4)	Set up job	2026-10-04T05:05:30.9407068Z Cache mode: write
compare (4)	Set up job	2026-10-04T05:05:30.9407789Z Prepare workflow directory
compare (4)	Set up job	2026-10-04T05:05:30.9747703Z Prepare all required actions
compare (4)	Set up job	2026-10-04T05:05:30.9796725Z Getting action download info
compare (4)	Set up job	2026-10-04T05:05:31.2557927Z Download action repository 'actions/checkout@v4' (SHA:11d5960a326750d5838078e36cf38b85af677262)
compare (4)	Set up job	2026-10-04T05:05:31.3836324Z Download action repository 'actions/setup-node@v4' (SHA:49933ea5288caeca8642d1e84afbd3f7d6820020)
compare (4)	Set up job	2026-10-04T05:05:31.4735510Z Download action repository 'actions/download-artifact@v4' (SHA:d3f86a106a0bac45b974a628896c90dbdf5c8093)
compare (4)	Set up job	2026-10-04T05:05:31.8776888Z Download action repository 'actions/upload-artifact@v4' (SHA:ea165f8d65b6e75b540449e92b4886f43607fa02)
compare (4)	Set up job	2026-10-04T05:05:32.0947784Z Complete job name: compare (4)
compare (4)	Run actions/checkout@v4	﻿2026-10-04T05:05:32.1717825Z ##[group]Run actions/checkout@v4
compare (4)	Run actions/checkout@v4	2026-10-04T05:05:32.1719031Z with:
compare (4)	Run actions/checkout@v4	2026-10-04T05:05:32.1719493Z   repository: Qnia28/sfinder_wasm
compare (4)	Run actions/checkout@v4	2026-10-04T05:05:32.1723104Z   token: ***
compare (4)	Run actions/checkout@v4	2026-10-04T05:05:32.1723538Z   ssh-strict: true
compare (4)	Run actions/checkout@v4	2026-10-04T05:05:32.1723977Z   ssh-user: git
compare (4)	Run actions/checkout@v4	2026-10-04T05:05:32.1724427Z   persist-credentials: true
compare (4)	Run actions/checkout@v4	2026-10-04T05:05:32.1724917Z   clean: true
compare (4)	Run actions/checkout@v4	2026-10-04T05:05:32.1725363Z   sparse-checkout-cone-mode: true
compare (4)	Run actions/checkout@v4	2026-10-04T05:05:32.1725877Z   fetch-depth: 1
compare (4)	Run actions/checkout@v4	2026-10-04T05:05:32.1726310Z   fetch-tags: false
compare (4)	Run actions/checkout@v4	2026-10-04T05:05:32.1726758Z   show-progress: true
compare (4)	Run actions/checkout@v4	2026-10-04T05:05:32.1727200Z   lfs: false
compare (4)	Run actions/checkout@v4	2026-10-04T05:05:32.1727605Z   submodules: false
compare (4)	Run actions/checkout@v4	2026-10-04T05:05:32.1728236Z   set-safe-directory: true
compare (4)	Run actions/checkout@v4	2026-10-04T05:05:32.1728772Z   allow-unsafe-pr-checkout: false
compare (4)	Run actions/checkout@v4	2026-10-04T05:05:32.1729579Z ##[endgroup]
compare (4)	Run actions/checkout@v4	2026-10-04T05:05:32.2732054Z Syncing repository: Qnia28/sfinder_wasm
compare (4)	Run actions/checkout@v4	2026-10-04T05:05:32.2734897Z ##[group]Getting Git version info
compare (4)	Run actions/checkout@v4	2026-10-04T05:05:32.2736156Z Working directory is '/home/runner/work/sfinder_wasm/sfinder_wasm'
compare (4)	Run actions/checkout@v4	2026-10-04T05:05:32.2737919Z [command]/usr/bin/git version
compare (4)	Run actions/checkout@v4	2026-10-04T05:05:32.2849968Z git version 2.55.0
compare (4)	Run actions/checkout@v4	2026-10-04T05:05:32.2872966Z ##[endgroup]
compare (4)	Run actions/checkout@v4	2026-10-04T05:05:32.2890275Z Temporarily overriding HOME='/home/runner/work/_temp/045aa779-d510-4a6c-9c65-ce4e08c3210b' before making global git config changes
compare (4)	Run actions/checkout@v4	2026-10-04T05:05:32.2892698Z Adding repository directory to the temporary git global config as a safe directory
compare (4)	Run actions/checkout@v4	2026-10-04T05:05:32.2895727Z [command]/usr/bin/git config --global --add safe.directory /home/runner/work/sfinder_wasm/sfinder_wasm
compare (4)	Run actions/checkout@v4	2026-10-04T05:05:32.2947780Z Deleting the contents of '/home/runner/work/sfinder_wasm/sfinder_wasm'
compare (4)	Run actions/checkout@v4	2026-10-04T05:05:32.2953748Z ##[group]Initializing the repository
compare (4)	Run actions/checkout@v4	2026-10-04T05:05:32.2957598Z [command]/usr/bin/git init /home/runner/work/sfinder_wasm/sfinder_wasm
compare (4)	Run actions/checkout@v4	2026-10-04T05:05:32.3091914Z hint: Using 'master' as the name for the initial branch. This default branch name
compare (4)	Run actions/checkout@v4	2026-10-04T05:05:32.3093762Z hint: will change to "main" in Git 3.0. To configure the initial branch name
compare (4)	Run actions/checkout@v4	2026-10-04T05:05:32.3095500Z hint: to use in all of your new repositories, which will suppress this warning,
compare (4)	Run actions/checkout@v4	2026-10-04T05:05:32.3096871Z hint: call:
compare (4)	Run actions/checkout@v4	2026-10-04T05:05:32.3097952Z hint:
compare (4)	Run actions/checkout@v4	2026-10-04T05:05:32.3100191Z hint: 	git config --global init.defaultBranch <name>
compare (4)	Run actions/checkout@v4	2026-10-04T05:05:32.3102444Z hint:
compare (4)	Run actions/checkout@v4	2026-10-04T05:05:32.3103875Z hint: Names commonly chosen instead of 'master' are 'main', 'trunk' and
compare (4)	Run actions/checkout@v4	2026-10-04T05:05:32.3105599Z hint: 'development'. The just-created branch can be renamed via this command:
compare (4)	Run actions/checkout@v4	2026-10-04T05:05:32.3106886Z hint:
compare (4)	Run actions/checkout@v4	2026-10-04T05:05:32.3107667Z hint: 	git branch -m <name>
compare (4)	Run actions/checkout@v4	2026-10-04T05:05:32.3109960Z hint:
compare (4)	Run actions/checkout@v4	2026-10-04T05:05:32.3111159Z hint: Disable this message with "git config set advice.defaultBranchName false"
compare (4)	Run actions/checkout@v4	2026-10-04T05:05:32.3112985Z Initialized empty Git repository in /home/runner/work/sfinder_wasm/sfinder_wasm/.git/
compare (4)	Run actions/checkout@v4	2026-10-04T05:05:32.3115839Z [command]/usr/bin/git remote add origin https://github.com/Qnia28/sfinder_wasm
compare (4)	Run actions/checkout@v4	2026-10-04T05:05:32.3170863Z ##[endgroup]
compare (4)	Run actions/checkout@v4	2026-10-04T05:05:32.3172312Z ##[group]Disabling automatic garbage collection
compare (4)	Run actions/checkout@v4	2026-10-04T05:05:32.3176034Z [command]/usr/bin/git config --local gc.auto 0
compare (4)	Run actions/checkout@v4	2026-10-04T05:05:32.3211322Z ##[endgroup]
compare (4)	Run actions/checkout@v4	2026-10-04T05:05:32.3212964Z ##[group]Setting up auth
compare (4)	Run actions/checkout@v4	2026-10-04T05:05:32.3219866Z [command]/usr/bin/git config --local --name-only --get-regexp core\.sshCommand
compare (4)	Run actions/checkout@v4	2026-10-04T05:05:32.3264709Z [command]/usr/bin/git submodule foreach --recursive sh -c "git config --local --name-only --get-regexp 'core\.sshCommand' && git config --local --unset-all 'core.sshCommand' || :"
compare (4)	Run actions/checkout@v4	2026-10-04T05:05:32.3672412Z [command]/usr/bin/git config --local --name-only --get-regexp http\.https\:\/\/github\.com\/\.extraheader
compare (4)	Run actions/checkout@v4	2026-10-04T05:05:32.3708620Z [command]/usr/bin/git submodule foreach --recursive sh -c "git config --local --name-only --get-regexp 'http\.https\:\/\/github\.com\/\.extraheader' && git config --local --unset-all 'http.https://github.com/.extraheader' || :"
compare (4)	Run actions/checkout@v4	2026-10-04T05:05:32.3932831Z [command]/usr/bin/git config --local --name-only --get-regexp ^includeIf\.gitdir:
compare (4)	Run actions/checkout@v4	2026-10-04T05:05:32.3969986Z [command]/usr/bin/git submodule foreach --recursive git config --local --show-origin --name-only --get-regexp remote.origin.url
compare (4)	Run actions/checkout@v4	2026-10-04T05:05:32.4196411Z [command]/usr/bin/git config --local http.https://github.com/.extraheader AUTHORIZATION: basic ***
compare (4)	Run actions/checkout@v4	2026-10-04T05:05:32.4237452Z ##[endgroup]
compare (4)	Run actions/checkout@v4	2026-10-04T05:05:32.4238739Z ##[group]Fetching the repository
compare (4)	Run actions/checkout@v4	2026-10-04T05:05:32.4247537Z [command]/usr/bin/git -c protocol.version=2 fetch --no-tags --prune --no-recurse-submodules --depth=1 origin +03ef21d61bb1dcbe2d68e54018ba64c12960b04b:refs/remotes/origin/integration/a0-m1-selectable-20261004
compare (4)	Run actions/checkout@v4	2026-10-04T05:05:33.7790770Z From https://github.com/Qnia28/sfinder_wasm
compare (4)	Run actions/checkout@v4	2026-10-04T05:05:33.7793910Z  * [new ref]         03ef21d61bb1dcbe2d68e54018ba64c12960b04b -> origin/integration/a0-m1-selectable-20261004
compare (4)	Run actions/checkout@v4	2026-10-04T05:05:33.7796423Z ##[endgroup]
compare (4)	Run actions/checkout@v4	2026-10-04T05:05:33.7797065Z ##[group]Determining the checkout info
compare (4)	Run actions/checkout@v4	2026-10-04T05:05:33.7798622Z ##[endgroup]
compare (4)	Run actions/checkout@v4	2026-10-04T05:05:33.7805084Z [command]/usr/bin/git sparse-checkout disable
compare (4)	Run actions/checkout@v4	2026-10-04T05:05:33.7881448Z [command]/usr/bin/git config --local --unset-all extensions.worktreeConfig
compare (4)	Run actions/checkout@v4	2026-10-04T05:05:33.7913792Z ##[group]Checking out the ref
compare (4)	Run actions/checkout@v4	2026-10-04T05:05:33.7925016Z [command]/usr/bin/git checkout --progress --force -B integration/a0-m1-selectable-20261004 refs/remotes/origin/integration/a0-m1-selectable-20261004
compare (4)	Run actions/checkout@v4	2026-10-04T05:05:33.9781607Z Switched to a new branch 'integration/a0-m1-selectable-20261004'
compare (4)	Run actions/checkout@v4	2026-10-04T05:05:33.9786385Z branch 'integration/a0-m1-selectable-20261004' set up to track 'origin/integration/a0-m1-selectable-20261004'.
compare (4)	Run actions/checkout@v4	2026-10-04T05:05:33.9799747Z ##[endgroup]
compare (4)	Run actions/checkout@v4	2026-10-04T05:05:33.9854500Z [command]/usr/bin/git log -1 --format=%H
compare (4)	Run actions/checkout@v4	2026-10-04T05:05:33.9883693Z 03ef21d61bb1dcbe2d68e54018ba64c12960b04b
compare (4)	Run actions/setup-node@v4	﻿2026-10-04T05:05:34.0229084Z ##[group]Run actions/setup-node@v4
compare (4)	Run actions/setup-node@v4	2026-10-04T05:05:34.0229499Z with:
compare (4)	Run actions/setup-node@v4	2026-10-04T05:05:34.0229750Z   node-version: 24.13.0
compare (4)	Run actions/setup-node@v4	2026-10-04T05:05:34.0230018Z   always-auth: false
compare (4)	Run actions/setup-node@v4	2026-10-04T05:05:34.0230270Z   check-latest: false
compare (4)	Run actions/setup-node@v4	2026-10-04T05:05:34.0232825Z   token: ***
compare (4)	Run actions/setup-node@v4	2026-10-04T05:05:34.0233080Z ##[endgroup]
compare (4)	Run actions/setup-node@v4	2026-10-04T05:05:34.1603969Z Attempting to download 24.13.0...
compare (4)	Run actions/setup-node@v4	2026-10-04T05:05:34.1710756Z (node:2317) [DEP0040] DeprecationWarning: The `punycode` module is deprecated. Please use a userland alternative instead.
compare (4)	Run actions/setup-node@v4	2026-10-04T05:05:34.1712109Z (Use `node --trace-deprecation ...` to show where the warning was created)
compare (4)	Run actions/setup-node@v4	2026-10-04T05:05:34.8947861Z Acquiring 24.13.0 - x64 from https://github.com/actions/node-versions/releases/download/24.13.0-20981653924/node-24.13.0-linux-x64.tar.gz
compare (4)	Run actions/setup-node@v4	2026-10-04T05:05:35.3815631Z Extracting ...
compare (4)	Run actions/setup-node@v4	2026-10-04T05:05:35.3973278Z [command]/usr/bin/tar xz --strip 1 --warning=no-unknown-keyword --overwrite -C /home/runner/work/_temp/161ab0d5-26c3-47b6-b62d-cd4ed961b6b9 -f /home/runner/work/_temp/a386cb48-4869-4c5d-b55c-c6fa3d5c5079
compare (4)	Run actions/setup-node@v4	2026-10-04T05:05:36.5898379Z Adding to the cache ...
compare (4)	Run actions/setup-node@v4	2026-10-04T05:05:38.5852829Z ##[group]Environment details
compare (4)	Run actions/setup-node@v4	2026-10-04T05:05:38.8151080Z node: v24.13.0
compare (4)	Run actions/setup-node@v4	2026-10-04T05:05:38.8151842Z npm: 11.6.2
compare (4)	Run actions/setup-node@v4	2026-10-04T05:05:38.8169266Z yarn: 1.22.22
compare (4)	Run actions/setup-node@v4	2026-10-04T05:05:38.8170366Z ##[endgroup]
compare (4)	Run actions/download-artifact@v4	﻿2026-10-04T05:05:38.8355730Z ##[group]Run actions/download-artifact@v4
compare (4)	Run actions/download-artifact@v4	2026-10-04T05:05:38.8356071Z with:
compare (4)	Run actions/download-artifact@v4	2026-10-04T05:05:38.8356296Z   name: a0-m1-on-off-preflight
compare (4)	Run actions/download-artifact@v4	2026-10-04T05:05:38.8356552Z   path: .a0-m1-download
compare (4)	Run actions/download-artifact@v4	2026-10-04T05:05:38.8356781Z   merge-multiple: false
compare (4)	Run actions/download-artifact@v4	2026-10-04T05:05:38.8357024Z   repository: Qnia28/sfinder_wasm
compare (4)	Run actions/download-artifact@v4	2026-10-04T05:05:38.8357310Z   run-id: 37178792683
compare (4)	Run actions/download-artifact@v4	2026-10-04T05:05:38.8357533Z ##[endgroup]
compare (4)	Run actions/download-artifact@v4	2026-10-04T05:05:38.9863962Z Downloading single artifact
compare (4)	Run actions/download-artifact@v4	2026-10-04T05:05:39.0030108Z (node:2353) [DEP0040] DeprecationWarning: The `punycode` module is deprecated. Please use a userland alternative instead.
compare (4)	Run actions/download-artifact@v4	2026-10-04T05:05:39.0031528Z (Use `node --trace-deprecation ...` to show where the warning was created)
compare (4)	Run actions/download-artifact@v4	2026-10-04T05:05:39.1892777Z Preparing to download the following artifacts:
compare (4)	Run actions/download-artifact@v4	2026-10-04T05:05:39.1894924Z - a0-m1-on-off-preflight (ID: 11294581003, Size: 424658, Expected Digest: sha256:87e6401bb695636592d2d61f512d23996e72cc7f843442be11743e776cc2b8d0)
compare (4)	Run actions/download-artifact@v4	2026-10-04T05:05:39.3868728Z Redirecting to blob download url: https://productionresultssa11.blob.core.windows.net/actions-results/4297ffec-0255-8ee0-bba6-e9af8a0a0bfc/workflow-job-run-dc14e853-3c83-5243-80d5-0ca48845ea80/artifacts/42fca3d34ccca3badc4e3d517d40c04ed3ebd9992e70720a6ebc2028c153a759.zip
compare (4)	Run actions/download-artifact@v4	2026-10-04T05:05:39.3871261Z Starting download of artifact to: /home/runner/work/sfinder_wasm/sfinder_wasm/.a0-m1-download
compare (4)	Run actions/download-artifact@v4	2026-10-04T05:05:39.5030466Z (node:2353) [DEP0005] DeprecationWarning: Buffer() is deprecated due to security and usability issues. Please use the Buffer.alloc(), Buffer.allocUnsafe(), or Buffer.from() methods instead.
compare (4)	Run actions/download-artifact@v4	2026-10-04T05:05:39.6171462Z SHA256 digest of downloaded artifact is 87e6401bb695636592d2d61f512d23996e72cc7f843442be11743e776cc2b8d0
compare (4)	Run actions/download-artifact@v4	2026-10-04T05:05:39.6174166Z Artifact download completed successfully.
compare (4)	Run actions/download-artifact@v4	2026-10-04T05:05:39.6174707Z Total of 1 artifact(s) downloaded
compare (4)	Run actions/download-artifact@v4	2026-10-04T05:05:39.6180283Z Download artifact has finished successfully
compare (4)	Restore locked Linux bytes, not per-host rebuilds	﻿2026-10-04T05:05:39.6346222Z ##[group]Run mkdir -p .a0-m1-comparison
compare (4)	Restore locked Linux bytes, not per-host rebuilds	2026-10-04T05:05:39.6346648Z ^[[36;1mmkdir -p .a0-m1-comparison^[[0m
compare (4)	Restore locked Linux bytes, not per-host rebuilds	2026-10-04T05:05:39.6347094Z ^[[36;1mcp .a0-m1-download/.a0-m1-comparison/{ORIGIN,LOCK}.json .a0-m1-comparison/^[[0m
compare (4)	Restore locked Linux bytes, not per-host rebuilds	2026-10-04T05:05:39.6347559Z ^[[36;1mcp .a0-m1-download/wasm/*.wasm wasm/^[[0m
compare (4)	Restore locked Linux bytes, not per-host rebuilds	2026-10-04T05:05:39.6347877Z ^[[36;1mnpm ci --ignore-scripts^[[0m
compare (4)	Restore locked Linux bytes, not per-host rebuilds	2026-10-04T05:05:39.6675643Z shell: /usr/bin/bash -e {0}
compare (4)	Restore locked Linux bytes, not per-host rebuilds	2026-10-04T05:05:39.6676009Z ##[endgroup]
compare (4)	Restore locked Linux bytes, not per-host rebuilds	2026-10-04T05:05:40.1799636Z 
compare (4)	Restore locked Linux bytes, not per-host rebuilds	2026-10-04T05:05:40.1801160Z added 1 package, and audited 2 packages in 451ms
compare (4)	Restore locked Linux bytes, not per-host rebuilds	2026-10-04T05:05:40.1808841Z 
compare (4)	Restore locked Linux bytes, not per-host rebuilds	2026-10-04T05:05:40.1809982Z found 0 vulnerabilities
compare (4)	Run frozen adjacent100pairs/full requests on this host	﻿2026-10-04T05:05:40.2248948Z ##[group]Run group=/sys/fs/cgroup/a0-m1-compare-$GITHUB_RUN_ID-4
compare (4)	Run frozen adjacent100pairs/full requests on this host	2026-10-04T05:05:40.2249518Z ^[[36;1mgroup=/sys/fs/cgroup/a0-m1-compare-$GITHUB_RUN_ID-4^[[0m
compare (4)	Run frozen adjacent100pairs/full requests on this host	2026-10-04T05:05:40.2249869Z ^[[36;1msudo mkdir "$group"^[[0m
compare (4)	Run frozen adjacent100pairs/full requests on this host	2026-10-04T05:05:40.2250200Z ^[[36;1mecho '+memory' | sudo tee "$group/cgroup.subtree_control"^[[0m
compare (4)	Run frozen adjacent100pairs/full requests on this host	2026-10-04T05:05:40.2250685Z ^[[36;1mA0_CGROUP_ROOT="$group" node experiments/a0-m1-on-off-20261004/run.mjs 4^[[0m
compare (4)	Run frozen adjacent100pairs/full requests on this host	2026-10-04T05:05:40.2316011Z shell: /usr/bin/bash -e {0}
compare (4)	Run frozen adjacent100pairs/full requests on this host	2026-10-04T05:05:40.2316286Z ##[endgroup]
compare (4)	Run frozen adjacent100pairs/full requests on this host	2026-10-04T05:05:40.2542617Z +memory
compare (4)	Run frozen adjacent100pairs/full requests on this host	2026-10-04T05:05:53.8083439Z ##[error]Process completed with exit code 1.
compare (4)	Run actions/upload-artifact@v4	﻿2026-10-04T05:05:53.8152025Z ##[group]Run actions/upload-artifact@v4
compare (4)	Run actions/upload-artifact@v4	2026-10-04T05:05:53.8152339Z with:
compare (4)	Run actions/upload-artifact@v4	2026-10-04T05:05:53.8152550Z   name: a0-m1-on-off-host-4
compare (4)	Run actions/upload-artifact@v4	2026-10-04T05:05:53.8152815Z   path: .a0-m1-comparison/results/
compare (4)	Run actions/upload-artifact@v4	2026-10-04T05:05:53.8153091Z   include-hidden-files: true
compare (4)	Run actions/upload-artifact@v4	2026-10-04T05:05:53.8153355Z   if-no-files-found: error
compare (4)	Run actions/upload-artifact@v4	2026-10-04T05:05:53.8153609Z   retention-days: 7
compare (4)	Run actions/upload-artifact@v4	2026-10-04T05:05:53.8153826Z   compression-level: 6
compare (4)	Run actions/upload-artifact@v4	2026-10-04T05:05:53.8154045Z   overwrite: false
compare (4)	Run actions/upload-artifact@v4	2026-10-04T05:05:53.8154252Z ##[endgroup]
compare (4)	Run actions/upload-artifact@v4	2026-10-04T05:05:53.9787460Z (node:3034) [DEP0040] DeprecationWarning: The `punycode` module is deprecated. Please use a userland alternative instead.
compare (4)	Run actions/upload-artifact@v4	2026-10-04T05:05:53.9788702Z (Use `node --trace-deprecation ...` to show where the warning was created)
compare (4)	Run actions/upload-artifact@v4	2026-10-04T05:05:53.9880426Z With the provided path, there will be 5 files uploaded
compare (4)	Run actions/upload-artifact@v4	2026-10-04T05:05:53.9881838Z Artifact name is valid!
compare (4)	Run actions/upload-artifact@v4	2026-10-04T05:05:53.9882509Z Root directory input is valid!
compare (4)	Run actions/upload-artifact@v4	2026-10-04T05:05:54.2462850Z Beginning upload of artifact content to blob storage
compare (4)	Run actions/upload-artifact@v4	2026-10-04T05:05:54.2787517Z (node:3034) [DEP0169] DeprecationWarning: `url.parse()` behavior is not standardized and prone to errors that have security implications. Use the WHATWG URL API instead. CVEs are not issued for `url.parse()` vulnerabilities.
compare (4)	Run actions/upload-artifact@v4	2026-10-04T05:05:54.4406830Z Uploaded bytes 68373
compare (4)	Run actions/upload-artifact@v4	2026-10-04T05:05:54.4774601Z Finished uploading artifact content to blob storage!
compare (4)	Run actions/upload-artifact@v4	2026-10-04T05:05:54.4776530Z SHA256 digest of uploaded artifact zip is 000fdd26ef8429b0b6070c8bc997c4692a2d325ee0de59ce5b6f13f6cf04afe0
compare (4)	Run actions/upload-artifact@v4	2026-10-04T05:05:54.4778430Z Finalizing artifact upload
compare (4)	Run actions/upload-artifact@v4	2026-10-04T05:05:54.7018674Z Artifact a0-m1-on-off-host-4.zip successfully finalized. Artifact ID 11294270770
compare (4)	Run actions/upload-artifact@v4	2026-10-04T05:05:54.7020835Z Artifact a0-m1-on-off-host-4 has been successfully uploaded! Final size is 68373 bytes. Artifact ID is 11294270770
compare (4)	Run actions/upload-artifact@v4	2026-10-04T05:05:54.7023175Z Artifact download URL: https://github.com/Qnia28/sfinder_wasm/actions/runs/37178792683/artifacts/11294270770
compare (4)	Post Run actions/checkout@v4	﻿2026-10-04T05:05:54.7236302Z Post job cleanup.
compare (4)	Post Run actions/checkout@v4	2026-10-04T05:05:54.8102698Z [command]/usr/bin/git version
compare (4)	Post Run actions/checkout@v4	2026-10-04T05:05:54.8150585Z git version 2.55.0
compare (4)	Post Run actions/checkout@v4	2026-10-04T05:05:54.8195454Z Temporarily overriding HOME='/home/runner/work/_temp/56651e6a-954e-4a69-a1f1-49caa6aa32f9' before making global git config changes
compare (4)	Post Run actions/checkout@v4	2026-10-04T05:05:54.8197296Z Adding repository directory to the temporary git global config as a safe directory
compare (4)	Post Run actions/checkout@v4	2026-10-04T05:05:54.8202106Z [command]/usr/bin/git config --global --add safe.directory /home/runner/work/sfinder_wasm/sfinder_wasm
compare (4)	Post Run actions/checkout@v4	2026-10-04T05:05:54.8249531Z [command]/usr/bin/git config --local --name-only --get-regexp core\.sshCommand
compare (4)	Post Run actions/checkout@v4	2026-10-04T05:05:54.8289293Z [command]/usr/bin/git submodule foreach --recursive sh -c "git config --local --name-only --get-regexp 'core\.sshCommand' && git config --local --unset-all 'core.sshCommand' || :"
compare (4)	Post Run actions/checkout@v4	2026-10-04T05:05:54.8539881Z [command]/usr/bin/git config --local --name-only --get-regexp http\.https\:\/\/github\.com\/\.extraheader
compare (4)	Post Run actions/checkout@v4	2026-10-04T05:05:54.8569261Z http.https://github.com/.extraheader
compare (4)	Post Run actions/checkout@v4	2026-10-04T05:05:54.8580993Z [command]/usr/bin/git config --local --unset-all http.https://github.com/.extraheader
compare (4)	Post Run actions/checkout@v4	2026-10-04T05:05:54.8621266Z [command]/usr/bin/git submodule foreach --recursive sh -c "git config --local --name-only --get-regexp 'http\.https\:\/\/github\.com\/\.extraheader' && git config --local --unset-all 'http.https://github.com/.extraheader' || :"
compare (4)	Post Run actions/checkout@v4	2026-10-04T05:05:54.8880039Z [command]/usr/bin/git config --local --name-only --get-regexp ^includeIf\.gitdir:
compare (4)	Post Run actions/checkout@v4	2026-10-04T05:05:54.8920176Z [command]/usr/bin/git submodule foreach --recursive git config --local --show-origin --name-only --get-regexp remote.origin.url
compare (4)	Complete job	﻿2026-10-04T05:05:54.9316993Z Cleaning up orphan processes
compare (4)	Complete job	2026-10-04T05:05:54.9648904Z ##[warning]Node.js 20 is deprecated. The following actions target Node.js 20 but are being forced to run on Node.js 24: actions/checkout@v4, actions/download-artifact@v4, actions/setup-node@v4, actions/upload-artifact@v4. For more information see: https://github.blog/changelog/2025-09-19-deprecation-of-node-20-on-github-actions-runners/
compare (0)	Set up job	﻿2026-10-04T05:05:31.1419942Z Current runner version: '2.337.0'
compare (0)	Set up job	2026-10-04T05:05:31.1444226Z ##[group]Runner Image Provisioner
compare (0)	Set up job	2026-10-04T05:05:31.1445227Z Hosted Compute Agent
compare (0)	Set up job	2026-10-04T05:05:31.1445897Z Version: 20260901.588
compare (0)	Set up job	2026-10-04T05:05:31.1446550Z Commit: f88ec8081b781fac6c440065ac7ff9e710ce3d0b
compare (0)	Set up job	2026-10-04T05:05:31.1447355Z Build Date: 2026-09-01T19:56:44Z
compare (0)	Set up job	2026-10-04T05:05:31.1448388Z Worker ID: {4fbf9379-c9a5-4674-b66f-2063f88049a3}
compare (0)	Set up job	2026-10-04T05:05:31.1449156Z Azure Region: westcentralus
compare (0)	Set up job	2026-10-04T05:05:31.1449905Z ##[endgroup]
compare (0)	Set up job	2026-10-04T05:05:31.1451532Z ##[group]Operating System
compare (0)	Set up job	2026-10-04T05:05:31.1452327Z Ubuntu
compare (0)	Set up job	2026-10-04T05:05:31.1452870Z 24.04.5
compare (0)	Set up job	2026-10-04T05:05:31.1453411Z LTS
compare (0)	Set up job	2026-10-04T05:05:31.1454001Z ##[endgroup]
compare (0)	Set up job	2026-10-04T05:05:31.1454558Z ##[group]Runner Image
compare (0)	Set up job	2026-10-04T05:05:31.1455201Z Image: ubuntu-24.04
compare (0)	Set up job	2026-10-04T05:05:31.1455798Z Version: 20260927.320.1
compare (0)	Set up job	2026-10-04T05:05:31.1456896Z Included Software: https://github.com/actions/runner-images/blob/ubuntu24/20260927.320/images/ubuntu/Ubuntu2404-Readme.md
compare (0)	Set up job	2026-10-04T05:05:31.1459370Z Image Release: https://github.com/actions/runner-images/releases/tag/ubuntu24%2F20260927.320
compare (0)	Set up job	2026-10-04T05:05:31.1460429Z ##[endgroup]
compare (0)	Set up job	2026-10-04T05:05:31.1461626Z ##[group]GITHUB_TOKEN Permissions
compare (0)	Set up job	2026-10-04T05:05:31.1463822Z Actions: read
compare (0)	Set up job	2026-10-04T05:05:31.1464470Z Contents: read
compare (0)	Set up job	2026-10-04T05:05:31.1465028Z Metadata: read
compare (0)	Set up job	2026-10-04T05:05:31.1465656Z ##[endgroup]
compare (0)	Set up job	2026-10-04T05:05:31.1467952Z Secret source: Actions
compare (0)	Set up job	2026-10-04T05:05:31.1469060Z Cache mode: write
compare (0)	Set up job	2026-10-04T05:05:31.1469771Z Prepare workflow directory
compare (0)	Set up job	2026-10-04T05:05:31.1861313Z Prepare all required actions
compare (0)	Set up job	2026-10-04T05:05:31.1908992Z Getting action download info
compare (0)	Set up job	2026-10-04T05:05:31.5013152Z Download action repository 'actions/checkout@v4' (SHA:11d5960a326750d5838078e36cf38b85af677262)
compare (0)	Set up job	2026-10-04T05:05:31.5825867Z Download action repository 'actions/setup-node@v4' (SHA:49933ea5288caeca8642d1e84afbd3f7d6820020)
compare (0)	Set up job	2026-10-04T05:05:31.6699782Z Download action repository 'actions/download-artifact@v4' (SHA:d3f86a106a0bac45b974a628896c90dbdf5c8093)
compare (0)	Set up job	2026-10-04T05:05:32.3078086Z Download action repository 'actions/upload-artifact@v4' (SHA:ea165f8d65b6e75b540449e92b4886f43607fa02)
compare (0)	Set up job	2026-10-04T05:05:32.5252247Z Complete job name: compare (0)
compare (0)	Run actions/checkout@v4	﻿2026-10-04T05:05:32.6041416Z ##[group]Run actions/checkout@v4
compare (0)	Run actions/checkout@v4	2026-10-04T05:05:32.6042408Z with:
compare (0)	Run actions/checkout@v4	2026-10-04T05:05:32.6042916Z   repository: Qnia28/sfinder_wasm
compare (0)	Run actions/checkout@v4	2026-10-04T05:05:32.6046983Z   token: ***
compare (0)	Run actions/checkout@v4	2026-10-04T05:05:32.6047468Z   ssh-strict: true
compare (0)	Run actions/checkout@v4	2026-10-04T05:05:32.6048172Z   ssh-user: git
compare (0)	Run actions/checkout@v4	2026-10-04T05:05:32.6048678Z   persist-credentials: true
compare (0)	Run actions/checkout@v4	2026-10-04T05:05:32.6049229Z   clean: true
compare (0)	Run actions/checkout@v4	2026-10-04T05:05:32.6049726Z   sparse-checkout-cone-mode: true
compare (0)	Run actions/checkout@v4	2026-10-04T05:05:32.6050310Z   fetch-depth: 1
compare (0)	Run actions/checkout@v4	2026-10-04T05:05:32.6050799Z   fetch-tags: false
compare (0)	Run actions/checkout@v4	2026-10-04T05:05:32.6051298Z   show-progress: true
compare (0)	Run actions/checkout@v4	2026-10-04T05:05:32.6051808Z   lfs: false
compare (0)	Run actions/checkout@v4	2026-10-04T05:05:32.6052273Z   submodules: false
compare (0)	Run actions/checkout@v4	2026-10-04T05:05:32.6052767Z   set-safe-directory: true
compare (0)	Run actions/checkout@v4	2026-10-04T05:05:32.6053334Z   allow-unsafe-pr-checkout: false
compare (0)	Run actions/checkout@v4	2026-10-04T05:05:32.6054212Z ##[endgroup]
compare (0)	Run actions/checkout@v4	2026-10-04T05:05:32.7034311Z Syncing repository: Qnia28/sfinder_wasm
compare (0)	Run actions/checkout@v4	2026-10-04T05:05:32.7037115Z ##[group]Getting Git version info
compare (0)	Run actions/checkout@v4	2026-10-04T05:05:32.7038689Z Working directory is '/home/runner/work/sfinder_wasm/sfinder_wasm'
compare (0)	Run actions/checkout@v4	2026-10-04T05:05:32.7040763Z [command]/usr/bin/git version
compare (0)	Run actions/checkout@v4	2026-10-04T05:05:32.7074023Z git version 2.55.0
compare (0)	Run actions/checkout@v4	2026-10-04T05:05:32.7095583Z ##[endgroup]
compare (0)	Run actions/checkout@v4	2026-10-04T05:05:32.7110802Z Temporarily overriding HOME='/home/runner/work/_temp/d90efb2c-def8-473f-b916-2b3ebb39ae12' before making global git config changes
compare (0)	Run actions/checkout@v4	2026-10-04T05:05:32.7113705Z Adding repository directory to the temporary git global config as a safe directory
compare (0)	Run actions/checkout@v4	2026-10-04T05:05:32.7116269Z [command]/usr/bin/git config --global --add safe.directory /home/runner/work/sfinder_wasm/sfinder_wasm
compare (0)	Run actions/checkout@v4	2026-10-04T05:05:32.7163028Z Deleting the contents of '/home/runner/work/sfinder_wasm/sfinder_wasm'
compare (0)	Run actions/checkout@v4	2026-10-04T05:05:32.7168806Z ##[group]Initializing the repository
compare (0)	Run actions/checkout@v4	2026-10-04T05:05:32.7178112Z [command]/usr/bin/git init /home/runner/work/sfinder_wasm/sfinder_wasm
compare (0)	Run actions/checkout@v4	2026-10-04T05:05:32.7288589Z hint: Using 'master' as the name for the initial branch. This default branch name
compare (0)	Run actions/checkout@v4	2026-10-04T05:05:32.7290653Z hint: will change to "main" in Git 3.0. To configure the initial branch name
compare (0)	Run actions/checkout@v4	2026-10-04T05:05:32.7292563Z hint: to use in all of your new repositories, which will suppress this warning,
compare (0)	Run actions/checkout@v4	2026-10-04T05:05:32.7294143Z hint: call:
compare (0)	Run actions/checkout@v4	2026-10-04T05:05:32.7295052Z hint:
compare (0)	Run actions/checkout@v4	2026-10-04T05:05:32.7296207Z hint: 	git config --global init.defaultBranch <name>
compare (0)	Run actions/checkout@v4	2026-10-04T05:05:32.7297751Z hint:
compare (0)	Run actions/checkout@v4	2026-10-04T05:05:32.7299081Z hint: Names commonly chosen instead of 'master' are 'main', 'trunk' and
compare (0)	Run actions/checkout@v4	2026-10-04T05:05:32.7301064Z hint: 'development'. The just-created branch can be renamed via this command:
compare (0)	Run actions/checkout@v4	2026-10-04T05:05:32.7302571Z hint:
compare (0)	Run actions/checkout@v4	2026-10-04T05:05:32.7303413Z hint: 	git branch -m <name>
compare (0)	Run actions/checkout@v4	2026-10-04T05:05:32.7304439Z hint:
compare (0)	Run actions/checkout@v4	2026-10-04T05:05:32.7305789Z hint: Disable this message with "git config set advice.defaultBranchName false"
compare (0)	Run actions/checkout@v4	2026-10-04T05:05:32.7308369Z Initialized empty Git repository in /home/runner/work/sfinder_wasm/sfinder_wasm/.git/
compare (0)	Run actions/checkout@v4	2026-10-04T05:05:32.7311775Z [command]/usr/bin/git remote add origin https://github.com/Qnia28/sfinder_wasm
compare (0)	Run actions/checkout@v4	2026-10-04T05:05:32.7357219Z ##[endgroup]
compare (0)	Run actions/checkout@v4	2026-10-04T05:05:32.7359787Z ##[group]Disabling automatic garbage collection
compare (0)	Run actions/checkout@v4	2026-10-04T05:05:32.7361572Z [command]/usr/bin/git config --local gc.auto 0
compare (0)	Run actions/checkout@v4	2026-10-04T05:05:32.7395893Z ##[endgroup]
compare (0)	Run actions/checkout@v4	2026-10-04T05:05:32.7397709Z ##[group]Setting up auth
compare (0)	Run actions/checkout@v4	2026-10-04T05:05:32.7401916Z [command]/usr/bin/git config --local --name-only --get-regexp core\.sshCommand
compare (0)	Run actions/checkout@v4	2026-10-04T05:05:32.7433631Z [command]/usr/bin/git submodule foreach --recursive sh -c "git config --local --name-only --get-regexp 'core\.sshCommand' && git config --local --unset-all 'core.sshCommand' || :"
compare (0)	Run actions/checkout@v4	2026-10-04T05:05:32.7788601Z [command]/usr/bin/git config --local --name-only --get-regexp http\.https\:\/\/github\.com\/\.extraheader
compare (0)	Run actions/checkout@v4	2026-10-04T05:05:32.7833999Z [command]/usr/bin/git submodule foreach --recursive sh -c "git config --local --name-only --get-regexp 'http\.https\:\/\/github\.com\/\.extraheader' && git config --local --unset-all 'http.https://github.com/.extraheader' || :"
compare (0)	Run actions/checkout@v4	2026-10-04T05:05:32.8082260Z [command]/usr/bin/git config --local --name-only --get-regexp ^includeIf\.gitdir:
compare (0)	Run actions/checkout@v4	2026-10-04T05:05:32.8119416Z [command]/usr/bin/git submodule foreach --recursive git config --local --show-origin --name-only --get-regexp remote.origin.url
compare (0)	Run actions/checkout@v4	2026-10-04T05:05:32.8340374Z [command]/usr/bin/git config --local http.https://github.com/.extraheader AUTHORIZATION: basic ***
compare (0)	Run actions/checkout@v4	2026-10-04T05:05:32.8381253Z ##[endgroup]
compare (0)	Run actions/checkout@v4	2026-10-04T05:05:32.8382488Z ##[group]Fetching the repository
compare (0)	Run actions/checkout@v4	2026-10-04T05:05:32.8391305Z [command]/usr/bin/git -c protocol.version=2 fetch --no-tags --prune --no-recurse-submodules --depth=1 origin +03ef21d61bb1dcbe2d68e54018ba64c12960b04b:refs/remotes/origin/integration/a0-m1-selectable-20261004
compare (0)	Run actions/checkout@v4	2026-10-04T05:05:34.5595103Z From https://github.com/Qnia28/sfinder_wasm
compare (0)	Run actions/checkout@v4	2026-10-04T05:05:34.5596814Z  * [new ref]         03ef21d61bb1dcbe2d68e54018ba64c12960b04b -> origin/integration/a0-m1-selectable-20261004
compare (0)	Run actions/checkout@v4	2026-10-04T05:05:34.5600098Z ##[endgroup]
compare (0)	Run actions/checkout@v4	2026-10-04T05:05:34.5600859Z ##[group]Determining the checkout info
compare (0)	Run actions/checkout@v4	2026-10-04T05:05:34.5602783Z ##[endgroup]
compare (0)	Run actions/checkout@v4	2026-10-04T05:05:34.5609104Z [command]/usr/bin/git sparse-checkout disable
compare (0)	Run actions/checkout@v4	2026-10-04T05:05:34.5660666Z [command]/usr/bin/git config --local --unset-all extensions.worktreeConfig
compare (0)	Run actions/checkout@v4	2026-10-04T05:05:34.5693900Z ##[group]Checking out the ref
compare (0)	Run actions/checkout@v4	2026-10-04T05:05:34.5699063Z [command]/usr/bin/git checkout --progress --force -B integration/a0-m1-selectable-20261004 refs/remotes/origin/integration/a0-m1-selectable-20261004
compare (0)	Run actions/checkout@v4	2026-10-04T05:05:34.7551005Z Switched to a new branch 'integration/a0-m1-selectable-20261004'
compare (0)	Run actions/checkout@v4	2026-10-04T05:05:34.7555771Z branch 'integration/a0-m1-selectable-20261004' set up to track 'origin/integration/a0-m1-selectable-20261004'.
compare (0)	Run actions/checkout@v4	2026-10-04T05:05:34.7567040Z ##[endgroup]
compare (0)	Run actions/checkout@v4	2026-10-04T05:05:34.7618440Z [command]/usr/bin/git log -1 --format=%H
compare (0)	Run actions/checkout@v4	2026-10-04T05:05:34.7642757Z 03ef21d61bb1dcbe2d68e54018ba64c12960b04b
compare (0)	Run actions/setup-node@v4	﻿2026-10-04T05:05:34.7987337Z ##[group]Run actions/setup-node@v4
compare (0)	Run actions/setup-node@v4	2026-10-04T05:05:34.7988078Z with:
compare (0)	Run actions/setup-node@v4	2026-10-04T05:05:34.7988332Z   node-version: 24.13.0
compare (0)	Run actions/setup-node@v4	2026-10-04T05:05:34.7988614Z   always-auth: false
compare (0)	Run actions/setup-node@v4	2026-10-04T05:05:34.7988874Z   check-latest: false
compare (0)	Run actions/setup-node@v4	2026-10-04T05:05:34.7991304Z   token: ***
compare (0)	Run actions/setup-node@v4	2026-10-04T05:05:34.7991555Z ##[endgroup]
compare (0)	Run actions/setup-node@v4	2026-10-04T05:05:34.9328286Z Attempting to download 24.13.0...
compare (0)	Run actions/setup-node@v4	2026-10-04T05:05:34.9431713Z (node:2375) [DEP0040] DeprecationWarning: The `punycode` module is deprecated. Please use a userland alternative instead.
compare (0)	Run actions/setup-node@v4	2026-10-04T05:05:34.9432919Z (Use `node --trace-deprecation ...` to show where the warning was created)
compare (0)	Run actions/setup-node@v4	2026-10-04T05:05:35.8059141Z Acquiring 24.13.0 - x64 from https://github.com/actions/node-versions/releases/download/24.13.0-20981653924/node-24.13.0-linux-x64.tar.gz
compare (0)	Run actions/setup-node@v4	2026-10-04T05:05:36.5007706Z Extracting ...
compare (0)	Run actions/setup-node@v4	2026-10-04T05:05:36.5129975Z [command]/usr/bin/tar xz --strip 1 --warning=no-unknown-keyword --overwrite -C /home/runner/work/_temp/39f0b1d9-8ac2-43bd-b377-5745cf74bf3a -f /home/runner/work/_temp/76bd3e14-4eb8-4466-8877-709dea7ef4a8
compare (0)	Run actions/setup-node@v4	2026-10-04T05:05:37.7575656Z Adding to the cache ...
compare (0)	Run actions/setup-node@v4	2026-10-04T05:05:39.7948359Z ##[group]Environment details
compare (0)	Run actions/setup-node@v4	2026-10-04T05:05:40.0178494Z node: v24.13.0
compare (0)	Run actions/setup-node@v4	2026-10-04T05:05:40.0179073Z npm: 11.6.2
compare (0)	Run actions/setup-node@v4	2026-10-04T05:05:40.0188628Z yarn: 1.22.22
compare (0)	Run actions/setup-node@v4	2026-10-04T05:05:40.0189550Z ##[endgroup]
compare (0)	Run actions/download-artifact@v4	﻿2026-10-04T05:05:40.0361093Z ##[group]Run actions/download-artifact@v4
compare (0)	Run actions/download-artifact@v4	2026-10-04T05:05:40.0361413Z with:
compare (0)	Run actions/download-artifact@v4	2026-10-04T05:05:40.0361630Z   name: a0-m1-on-off-preflight
compare (0)	Run actions/download-artifact@v4	2026-10-04T05:05:40.0361883Z   path: .a0-m1-download
compare (0)	Run actions/download-artifact@v4	2026-10-04T05:05:40.0362113Z   merge-multiple: false
compare (0)	Run actions/download-artifact@v4	2026-10-04T05:05:40.0362348Z   repository: Qnia28/sfinder_wasm
compare (0)	Run actions/download-artifact@v4	2026-10-04T05:05:40.0362600Z   run-id: 37178792683
compare (0)	Run actions/download-artifact@v4	2026-10-04T05:05:40.0362812Z ##[endgroup]
compare (0)	Run actions/download-artifact@v4	2026-10-04T05:05:40.1838380Z Downloading single artifact
compare (0)	Run actions/download-artifact@v4	2026-10-04T05:05:40.2004747Z (node:2409) [DEP0040] DeprecationWarning: The `punycode` module is deprecated. Please use a userland alternative instead.
compare (0)	Run actions/download-artifact@v4	2026-10-04T05:05:40.2006320Z (Use `node --trace-deprecation ...` to show where the warning was created)
compare (0)	Run actions/download-artifact@v4	2026-10-04T05:05:40.3952191Z Preparing to download the following artifacts:
compare (0)	Run actions/download-artifact@v4	2026-10-04T05:05:40.3954252Z - a0-m1-on-off-preflight (ID: 11294581003, Size: 424658, Expected Digest: sha256:87e6401bb695636592d2d61f512d23996e72cc7f843442be11743e776cc2b8d0)
compare (0)	Run actions/download-artifact@v4	2026-10-04T05:05:40.6020237Z Redirecting to blob download url: https://productionresultssa11.blob.core.windows.net/actions-results/4297ffec-0255-8ee0-bba6-e9af8a0a0bfc/workflow-job-run-dc14e853-3c83-5243-80d5-0ca48845ea80/artifacts/42fca3d34ccca3badc4e3d517d40c04ed3ebd9992e70720a6ebc2028c153a759.zip
compare (0)	Run actions/download-artifact@v4	2026-10-04T05:05:40.6021852Z Starting download of artifact to: /home/runner/work/sfinder_wasm/sfinder_wasm/.a0-m1-download
compare (0)	Run actions/download-artifact@v4	2026-10-04T05:05:40.7811486Z (node:2409) [DEP0005] DeprecationWarning: Buffer() is deprecated due to security and usability issues. Please use the Buffer.alloc(), Buffer.allocUnsafe(), or Buffer.from() methods instead.
compare (0)	Run actions/download-artifact@v4	2026-10-04T05:05:40.9768921Z SHA256 digest of downloaded artifact is 87e6401bb695636592d2d61f512d23996e72cc7f843442be11743e776cc2b8d0
compare (0)	Run actions/download-artifact@v4	2026-10-04T05:05:40.9778678Z Artifact download completed successfully.
compare (0)	Run actions/download-artifact@v4	2026-10-04T05:05:40.9779306Z Total of 1 artifact(s) downloaded
compare (0)	Run actions/download-artifact@v4	2026-10-04T05:05:40.9779977Z Download artifact has finished successfully
compare (0)	Restore locked Linux bytes, not per-host rebuilds	﻿2026-10-04T05:05:40.9893508Z ##[group]Run mkdir -p .a0-m1-comparison
compare (0)	Restore locked Linux bytes, not per-host rebuilds	2026-10-04T05:05:40.9893920Z ^[[36;1mmkdir -p .a0-m1-comparison^[[0m
compare (0)	Restore locked Linux bytes, not per-host rebuilds	2026-10-04T05:05:40.9894374Z ^[[36;1mcp .a0-m1-download/.a0-m1-comparison/{ORIGIN,LOCK}.json .a0-m1-comparison/^[[0m
compare (0)	Restore locked Linux bytes, not per-host rebuilds	2026-10-04T05:05:40.9894822Z ^[[36;1mcp .a0-m1-download/wasm/*.wasm wasm/^[[0m
compare (0)	Restore locked Linux bytes, not per-host rebuilds	2026-10-04T05:05:40.9895132Z ^[[36;1mnpm ci --ignore-scripts^[[0m
compare (0)	Restore locked Linux bytes, not per-host rebuilds	2026-10-04T05:05:41.0154703Z shell: /usr/bin/bash -e {0}
compare (0)	Restore locked Linux bytes, not per-host rebuilds	2026-10-04T05:05:41.0154988Z ##[endgroup]
compare (0)	Restore locked Linux bytes, not per-host rebuilds	2026-10-04T05:05:41.5214902Z 
compare (0)	Restore locked Linux bytes, not per-host rebuilds	2026-10-04T05:05:41.5215802Z added 1 package, and audited 2 packages in 445ms
compare (0)	Restore locked Linux bytes, not per-host rebuilds	2026-10-04T05:05:41.5226689Z 
compare (0)	Restore locked Linux bytes, not per-host rebuilds	2026-10-04T05:05:41.5227147Z found 0 vulnerabilities
compare (0)	Run frozen adjacent100pairs/full requests on this host	﻿2026-10-04T05:05:41.5665191Z ##[group]Run group=/sys/fs/cgroup/a0-m1-compare-$GITHUB_RUN_ID-0
compare (0)	Run frozen adjacent100pairs/full requests on this host	2026-10-04T05:05:41.5665711Z ^[[36;1mgroup=/sys/fs/cgroup/a0-m1-compare-$GITHUB_RUN_ID-0^[[0m
compare (0)	Run frozen adjacent100pairs/full requests on this host	2026-10-04T05:05:41.5666064Z ^[[36;1msudo mkdir "$group"^[[0m
compare (0)	Run frozen adjacent100pairs/full requests on this host	2026-10-04T05:05:41.5666395Z ^[[36;1mecho '+memory' | sudo tee "$group/cgroup.subtree_control"^[[0m
compare (0)	Run frozen adjacent100pairs/full requests on this host	2026-10-04T05:05:41.5666881Z ^[[36;1mA0_CGROUP_ROOT="$group" node experiments/a0-m1-on-off-20261004/run.mjs 0^[[0m
compare (0)	Run frozen adjacent100pairs/full requests on this host	2026-10-04T05:05:41.5728602Z shell: /usr/bin/bash -e {0}
compare (0)	Run frozen adjacent100pairs/full requests on this host	2026-10-04T05:05:41.5728866Z ##[endgroup]
compare (0)	Run frozen adjacent100pairs/full requests on this host	2026-10-04T05:05:41.5940660Z +memory
compare (0)	Run frozen adjacent100pairs/full requests on this host	2026-10-04T05:05:55.0141315Z ##[error]Process completed with exit code 1.
compare (0)	Run actions/upload-artifact@v4	﻿2026-10-04T05:05:55.0213076Z ##[group]Run actions/upload-artifact@v4
compare (0)	Run actions/upload-artifact@v4	2026-10-04T05:05:55.0213397Z with:
compare (0)	Run actions/upload-artifact@v4	2026-10-04T05:05:55.0213608Z   name: a0-m1-on-off-host-0
compare (0)	Run actions/upload-artifact@v4	2026-10-04T05:05:55.0213874Z   path: .a0-m1-comparison/results/
compare (0)	Run actions/upload-artifact@v4	2026-10-04T05:05:55.0214153Z   include-hidden-files: true
compare (0)	Run actions/upload-artifact@v4	2026-10-04T05:05:55.0214407Z   if-no-files-found: error
compare (0)	Run actions/upload-artifact@v4	2026-10-04T05:05:55.0214658Z   retention-days: 7
compare (0)	Run actions/upload-artifact@v4	2026-10-04T05:05:55.0214871Z   compression-level: 6
compare (0)	Run actions/upload-artifact@v4	2026-10-04T05:05:55.0215087Z   overwrite: false
compare (0)	Run actions/upload-artifact@v4	2026-10-04T05:05:55.0215286Z ##[endgroup]
compare (0)	Run actions/upload-artifact@v4	2026-10-04T05:05:55.1858595Z (node:3091) [DEP0040] DeprecationWarning: The `punycode` module is deprecated. Please use a userland alternative instead.
compare (0)	Run actions/upload-artifact@v4	2026-10-04T05:05:55.1860591Z (Use `node --trace-deprecation ...` to show where the warning was created)
compare (0)	Run actions/upload-artifact@v4	2026-10-04T05:05:55.1985357Z With the provided path, there will be 5 files uploaded
compare (0)	Run actions/upload-artifact@v4	2026-10-04T05:05:55.1986409Z Artifact name is valid!
compare (0)	Run actions/upload-artifact@v4	2026-10-04T05:05:55.1986970Z Root directory input is valid!
compare (0)	Run actions/upload-artifact@v4	2026-10-04T05:05:55.4974631Z Beginning upload of artifact content to blob storage
compare (0)	Run actions/upload-artifact@v4	2026-10-04T05:05:55.5329121Z (node:3091) [DEP0169] DeprecationWarning: `url.parse()` behavior is not standardized and prone to errors that have security implications. Use the WHATWG URL API instead. CVEs are not issued for `url.parse()` vulnerabilities.
compare (0)	Run actions/upload-artifact@v4	2026-10-04T05:05:55.7904405Z Uploaded bytes 68374
compare (0)	Run actions/upload-artifact@v4	2026-10-04T05:05:55.8426210Z Finished uploading artifact content to blob storage!
compare (0)	Run actions/upload-artifact@v4	2026-10-04T05:05:55.8427745Z SHA256 digest of uploaded artifact zip is ba3c2e6d96545e6db7a7b977ca06c7eff3c4521ef0ebcbc4887fb34093ca3408
compare (0)	Run actions/upload-artifact@v4	2026-10-04T05:05:55.8429824Z Finalizing artifact upload
compare (0)	Run actions/upload-artifact@v4	2026-10-04T05:05:56.0878488Z Artifact a0-m1-on-off-host-0.zip successfully finalized. Artifact ID 11294970113
compare (0)	Run actions/upload-artifact@v4	2026-10-04T05:05:56.0880037Z Artifact a0-m1-on-off-host-0 has been successfully uploaded! Final size is 68374 bytes. Artifact ID is 11294970113
compare (0)	Run actions/upload-artifact@v4	2026-10-04T05:05:56.0885424Z Artifact download URL: https://github.com/Qnia28/sfinder_wasm/actions/runs/37178792683/artifacts/11294970113
compare (0)	Post Run actions/checkout@v4	﻿2026-10-04T05:05:56.1096506Z Post job cleanup.
compare (0)	Post Run actions/checkout@v4	2026-10-04T05:05:56.2008335Z [command]/usr/bin/git version
compare (0)	Post Run actions/checkout@v4	2026-10-04T05:05:56.2032101Z git version 2.55.0
compare (0)	Post Run actions/checkout@v4	2026-10-04T05:05:56.2090957Z Temporarily overriding HOME='/home/runner/work/_temp/632f7456-05bc-441c-a015-c7d51a92f4b8' before making global git config changes
compare (0)	Post Run actions/checkout@v4	2026-10-04T05:05:56.2092943Z Adding repository directory to the temporary git global config as a safe directory
compare (0)	Post Run actions/checkout@v4	2026-10-04T05:05:56.2094647Z [command]/usr/bin/git config --global --add safe.directory /home/runner/work/sfinder_wasm/sfinder_wasm
compare (0)	Post Run actions/checkout@v4	2026-10-04T05:05:56.2122819Z [command]/usr/bin/git config --local --name-only --get-regexp core\.sshCommand
compare (0)	Post Run actions/checkout@v4	2026-10-04T05:05:56.2169175Z [command]/usr/bin/git submodule foreach --recursive sh -c "git config --local --name-only --get-regexp 'core\.sshCommand' && git config --local --unset-all 'core.sshCommand' || :"
compare (0)	Post Run actions/checkout@v4	2026-10-04T05:05:56.2460894Z [command]/usr/bin/git config --local --name-only --get-regexp http\.https\:\/\/github\.com\/\.extraheader
compare (0)	Post Run actions/checkout@v4	2026-10-04T05:05:56.2483301Z http.https://github.com/.extraheader
compare (0)	Post Run actions/checkout@v4	2026-10-04T05:05:56.2493552Z [command]/usr/bin/git config --local --unset-all http.https://github.com/.extraheader
compare (0)	Post Run actions/checkout@v4	2026-10-04T05:05:56.2535272Z [command]/usr/bin/git submodule foreach --recursive sh -c "git config --local --name-only --get-regexp 'http\.https\:\/\/github\.com\/\.extraheader' && git config --local --unset-all 'http.https://github.com/.extraheader' || :"
compare (0)	Post Run actions/checkout@v4	2026-10-04T05:05:56.2778251Z [command]/usr/bin/git config --local --name-only --get-regexp ^includeIf\.gitdir:
compare (0)	Post Run actions/checkout@v4	2026-10-04T05:05:56.2823064Z [command]/usr/bin/git submodule foreach --recursive git config --local --show-origin --name-only --get-regexp remote.origin.url
compare (0)	Complete job	﻿2026-10-04T05:05:56.3206894Z Cleaning up orphan processes
compare (0)	Complete job	2026-10-04T05:05:56.3548194Z ##[warning]Node.js 20 is deprecated. The following actions target Node.js 20 but are being forced to run on Node.js 24: actions/checkout@v4, actions/download-artifact@v4, actions/setup-node@v4, actions/upload-artifact@v4. For more information see: https://github.blog/changelog/2025-09-19-deprecation-of-node-20-on-github-actions-runners/
compare (1)	Set up job	﻿2026-10-04T05:05:30.4874150Z Current runner version: '2.337.0'
compare (1)	Set up job	2026-10-04T05:05:30.4893919Z ##[group]Runner Image Provisioner
compare (1)	Set up job	2026-10-04T05:05:30.4894616Z Hosted Compute Agent
compare (1)	Set up job	2026-10-04T05:05:30.4895093Z Version: 20260901.588
compare (1)	Set up job	2026-10-04T05:05:30.4895499Z Commit: f88ec8081b781fac6c440065ac7ff9e710ce3d0b
compare (1)	Set up job	2026-10-04T05:05:30.4895947Z Build Date: 2026-09-01T19:56:44Z
compare (1)	Set up job	2026-10-04T05:05:30.4896417Z Worker ID: {1fc8ee83-74dc-44a6-bc50-a7bc7b31b78b}
compare (1)	Set up job	2026-10-04T05:05:30.4896857Z Azure Region: centralus
compare (1)	Set up job	2026-10-04T05:05:30.4897309Z ##[endgroup]
compare (1)	Set up job	2026-10-04T05:05:30.4898130Z ##[group]Operating System
compare (1)	Set up job	2026-10-04T05:05:30.4898508Z Ubuntu
compare (1)	Set up job	2026-10-04T05:05:30.4898883Z 24.04.5
compare (1)	Set up job	2026-10-04T05:05:30.4899211Z LTS
compare (1)	Set up job	2026-10-04T05:05:30.4899560Z ##[endgroup]
compare (1)	Set up job	2026-10-04T05:05:30.4899950Z ##[group]Runner Image
compare (1)	Set up job	2026-10-04T05:05:30.4900313Z Image: ubuntu-24.04
compare (1)	Set up job	2026-10-04T05:05:30.4900702Z Version: 20260927.320.1
compare (1)	Set up job	2026-10-04T05:05:30.4901349Z Included Software: https://github.com/actions/runner-images/blob/ubuntu24/20260927.320/images/ubuntu/Ubuntu2404-Readme.md
compare (1)	Set up job	2026-10-04T05:05:30.4902764Z Image Release: https://github.com/actions/runner-images/releases/tag/ubuntu24%2F20260927.320
compare (1)	Set up job	2026-10-04T05:05:30.4903370Z ##[endgroup]
compare (1)	Set up job	2026-10-04T05:05:30.4904244Z ##[group]GITHUB_TOKEN Permissions
compare (1)	Set up job	2026-10-04T05:05:30.4905698Z Actions: read
compare (1)	Set up job	2026-10-04T05:05:30.4906103Z Contents: read
compare (1)	Set up job	2026-10-04T05:05:30.4906453Z Metadata: read
compare (1)	Set up job	2026-10-04T05:05:30.4906790Z ##[endgroup]
compare (1)	Set up job	2026-10-04T05:05:30.4908152Z Secret source: Actions
compare (1)	Set up job	2026-10-04T05:05:30.4908741Z Cache mode: write
compare (1)	Set up job	2026-10-04T05:05:30.4909215Z Prepare workflow directory
compare (1)	Set up job	2026-10-04T05:05:30.5120229Z Prepare all required actions
compare (1)	Set up job	2026-10-04T05:05:30.5152810Z Getting action download info
compare (1)	Set up job	2026-10-04T05:05:30.7613201Z Download action repository 'actions/checkout@v4' (SHA:11d5960a326750d5838078e36cf38b85af677262)
compare (1)	Set up job	2026-10-04T05:05:30.8311200Z Download action repository 'actions/setup-node@v4' (SHA:49933ea5288caeca8642d1e84afbd3f7d6820020)
compare (1)	Set up job	2026-10-04T05:05:31.3587648Z Download action repository 'actions/download-artifact@v4' (SHA:d3f86a106a0bac45b974a628896c90dbdf5c8093)
compare (1)	Set up job	2026-10-04T05:05:32.0014097Z Download action repository 'actions/upload-artifact@v4' (SHA:ea165f8d65b6e75b540449e92b4886f43607fa02)
compare (1)	Set up job	2026-10-04T05:05:32.4102895Z Complete job name: compare (1)
compare (1)	Run actions/checkout@v4	﻿2026-10-04T05:05:32.4529773Z ##[group]Run actions/checkout@v4
compare (1)	Run actions/checkout@v4	2026-10-04T05:05:32.4530093Z with:
compare (1)	Run actions/checkout@v4	2026-10-04T05:05:32.4530250Z   repository: Qnia28/sfinder_wasm
compare (1)	Run actions/checkout@v4	2026-10-04T05:05:32.4531969Z   token: ***
compare (1)	Run actions/checkout@v4	2026-10-04T05:05:32.4532120Z   ssh-strict: true
compare (1)	Run actions/checkout@v4	2026-10-04T05:05:32.4532273Z   ssh-user: git
compare (1)	Run actions/checkout@v4	2026-10-04T05:05:32.4532438Z   persist-credentials: true
compare (1)	Run actions/checkout@v4	2026-10-04T05:05:32.4532616Z   clean: true
compare (1)	Run actions/checkout@v4	2026-10-04T05:05:32.4532772Z   sparse-checkout-cone-mode: true
compare (1)	Run actions/checkout@v4	2026-10-04T05:05:32.4532950Z   fetch-depth: 1
compare (1)	Run actions/checkout@v4	2026-10-04T05:05:32.4533098Z   fetch-tags: false
compare (1)	Run actions/checkout@v4	2026-10-04T05:05:32.4533255Z   show-progress: true
compare (1)	Run actions/checkout@v4	2026-10-04T05:05:32.4533414Z   lfs: false
compare (1)	Run actions/checkout@v4	2026-10-04T05:05:32.4533715Z   submodules: false
compare (1)	Run actions/checkout@v4	2026-10-04T05:05:32.4533867Z   set-safe-directory: true
compare (1)	Run actions/checkout@v4	2026-10-04T05:05:32.4534045Z   allow-unsafe-pr-checkout: false
compare (1)	Run actions/checkout@v4	2026-10-04T05:05:32.4534314Z ##[endgroup]
compare (1)	Run actions/checkout@v4	2026-10-04T05:05:32.5258819Z Syncing repository: Qnia28/sfinder_wasm
compare (1)	Run actions/checkout@v4	2026-10-04T05:05:32.5260112Z ##[group]Getting Git version info
compare (1)	Run actions/checkout@v4	2026-10-04T05:05:32.5260529Z Working directory is '/home/runner/work/sfinder_wasm/sfinder_wasm'
compare (1)	Run actions/checkout@v4	2026-10-04T05:05:32.5261173Z [command]/usr/bin/git version
compare (1)	Run actions/checkout@v4	2026-10-04T05:05:32.5345159Z git version 2.55.0
compare (1)	Run actions/checkout@v4	2026-10-04T05:05:32.5375170Z ##[endgroup]
compare (1)	Run actions/checkout@v4	2026-10-04T05:05:32.5381068Z Temporarily overriding HOME='/home/runner/work/_temp/bee08491-27a6-4adc-b774-5544bfb26e94' before making global git config changes
compare (1)	Run actions/checkout@v4	2026-10-04T05:05:32.5382064Z Adding repository directory to the temporary git global config as a safe directory
compare (1)	Run actions/checkout@v4	2026-10-04T05:05:32.5387903Z [command]/usr/bin/git config --global --add safe.directory /home/runner/work/sfinder_wasm/sfinder_wasm
compare (1)	Run actions/checkout@v4	2026-10-04T05:05:32.6257243Z Deleting the contents of '/home/runner/work/sfinder_wasm/sfinder_wasm'
compare (1)	Run actions/checkout@v4	2026-10-04T05:05:32.6264134Z ##[group]Initializing the repository
compare (1)	Run actions/checkout@v4	2026-10-04T05:05:32.6265041Z [command]/usr/bin/git init /home/runner/work/sfinder_wasm/sfinder_wasm
compare (1)	Run actions/checkout@v4	2026-10-04T05:05:32.6648705Z hint: Using 'master' as the name for the initial branch. This default branch name
compare (1)	Run actions/checkout@v4	2026-10-04T05:05:32.6649395Z hint: will change to "main" in Git 3.0. To configure the initial branch name
compare (1)	Run actions/checkout@v4	2026-10-04T05:05:32.6649744Z hint: to use in all of your new repositories, which will suppress this warning,
compare (1)	Run actions/checkout@v4	2026-10-04T05:05:32.6649999Z hint: call:
compare (1)	Run actions/checkout@v4	2026-10-04T05:05:32.6650140Z hint:
compare (1)	Run actions/checkout@v4	2026-10-04T05:05:32.6650364Z hint: 	git config --global init.defaultBranch <name>
compare (1)	Run actions/checkout@v4	2026-10-04T05:05:32.6650576Z hint:
compare (1)	Run actions/checkout@v4	2026-10-04T05:05:32.6650779Z hint: Names commonly chosen instead of 'master' are 'main', 'trunk' and
compare (1)	Run actions/checkout@v4	2026-10-04T05:05:32.6651085Z hint: 'development'. The just-created branch can be renamed via this command:
compare (1)	Run actions/checkout@v4	2026-10-04T05:05:32.6651323Z hint:
compare (1)	Run actions/checkout@v4	2026-10-04T05:05:32.6651469Z hint: 	git branch -m <name>
compare (1)	Run actions/checkout@v4	2026-10-04T05:05:32.6651629Z hint:
compare (1)	Run actions/checkout@v4	2026-10-04T05:05:32.6651839Z hint: Disable this message with "git config set advice.defaultBranchName false"
compare (1)	Run actions/checkout@v4	2026-10-04T05:05:32.6654093Z Initialized empty Git repository in /home/runner/work/sfinder_wasm/sfinder_wasm/.git/
compare (1)	Run actions/checkout@v4	2026-10-04T05:05:32.6661812Z [command]/usr/bin/git remote add origin https://github.com/Qnia28/sfinder_wasm
compare (1)	Run actions/checkout@v4	2026-10-04T05:05:32.6842944Z ##[endgroup]
compare (1)	Run actions/checkout@v4	2026-10-04T05:05:32.6843586Z ##[group]Disabling automatic garbage collection
compare (1)	Run actions/checkout@v4	2026-10-04T05:05:32.6843985Z [command]/usr/bin/git config --local gc.auto 0
compare (1)	Run actions/checkout@v4	2026-10-04T05:05:32.6926925Z ##[endgroup]
compare (1)	Run actions/checkout@v4	2026-10-04T05:05:32.6927211Z ##[group]Setting up auth
compare (1)	Run actions/checkout@v4	2026-10-04T05:05:32.6932521Z [command]/usr/bin/git config --local --name-only --get-regexp core\.sshCommand
compare (1)	Run actions/checkout@v4	2026-10-04T05:05:32.6961835Z [command]/usr/bin/git submodule foreach --recursive sh -c "git config --local --name-only --get-regexp 'core\.sshCommand' && git config --local --unset-all 'core.sshCommand' || :"
compare (1)	Run actions/checkout@v4	2026-10-04T05:05:32.7280305Z [command]/usr/bin/git config --local --name-only --get-regexp http\.https\:\/\/github\.com\/\.extraheader
compare (1)	Run actions/checkout@v4	2026-10-04T05:05:32.7309568Z [command]/usr/bin/git submodule foreach --recursive sh -c "git config --local --name-only --get-regexp 'http\.https\:\/\/github\.com\/\.extraheader' && git config --local --unset-all 'http.https://github.com/.extraheader' || :"
compare (1)	Run actions/checkout@v4	2026-10-04T05:05:32.7489831Z [command]/usr/bin/git config --local --name-only --get-regexp ^includeIf\.gitdir:
compare (1)	Run actions/checkout@v4	2026-10-04T05:05:32.7517717Z [command]/usr/bin/git submodule foreach --recursive git config --local --show-origin --name-only --get-regexp remote.origin.url
compare (1)	Run actions/checkout@v4	2026-10-04T05:05:32.7699271Z [command]/usr/bin/git config --local http.https://github.com/.extraheader AUTHORIZATION: basic ***
compare (1)	Run actions/checkout@v4	2026-10-04T05:05:32.7915541Z ##[endgroup]
compare (1)	Run actions/checkout@v4	2026-10-04T05:05:32.7915854Z ##[group]Fetching the repository
compare (1)	Run actions/checkout@v4	2026-10-04T05:05:32.7922420Z [command]/usr/bin/git -c protocol.version=2 fetch --no-tags --prune --no-recurse-submodules --depth=1 origin +03ef21d61bb1dcbe2d68e54018ba64c12960b04b:refs/remotes/origin/integration/a0-m1-selectable-20261004
compare (1)	Run actions/checkout@v4	2026-10-04T05:05:34.3814246Z From https://github.com/Qnia28/sfinder_wasm
compare (1)	Run actions/checkout@v4	2026-10-04T05:05:34.3815062Z  * [new ref]         03ef21d61bb1dcbe2d68e54018ba64c12960b04b -> origin/integration/a0-m1-selectable-20261004
compare (1)	Run actions/checkout@v4	2026-10-04T05:05:34.3818210Z ##[endgroup]
compare (1)	Run actions/checkout@v4	2026-10-04T05:05:34.3818555Z ##[group]Determining the checkout info
compare (1)	Run actions/checkout@v4	2026-10-04T05:05:34.3820213Z ##[endgroup]
compare (1)	Run actions/checkout@v4	2026-10-04T05:05:34.3826146Z [command]/usr/bin/git sparse-checkout disable
compare (1)	Run actions/checkout@v4	2026-10-04T05:05:34.4254064Z [command]/usr/bin/git config --local --unset-all extensions.worktreeConfig
compare (1)	Run actions/checkout@v4	2026-10-04T05:05:34.4657458Z ##[group]Checking out the ref
compare (1)	Run actions/checkout@v4	2026-10-04T05:05:34.4663313Z [command]/usr/bin/git checkout --progress --force -B integration/a0-m1-selectable-20261004 refs/remotes/origin/integration/a0-m1-selectable-20261004
compare (1)	Run actions/checkout@v4	2026-10-04T05:05:34.6539762Z Switched to a new branch 'integration/a0-m1-selectable-20261004'
compare (1)	Run actions/checkout@v4	2026-10-04T05:05:34.6540844Z branch 'integration/a0-m1-selectable-20261004' set up to track 'origin/integration/a0-m1-selectable-20261004'.
compare (1)	Run actions/checkout@v4	2026-10-04T05:05:34.6551158Z ##[endgroup]
compare (1)	Run actions/checkout@v4	2026-10-04T05:05:34.6614034Z [command]/usr/bin/git log -1 --format=%H
compare (1)	Run actions/checkout@v4	2026-10-04T05:05:34.6614634Z 03ef21d61bb1dcbe2d68e54018ba64c12960b04b
compare (1)	Run actions/setup-node@v4	﻿2026-10-04T05:05:34.6865834Z ##[group]Run actions/setup-node@v4
compare (1)	Run actions/setup-node@v4	2026-10-04T05:05:34.6866051Z with:
compare (1)	Run actions/setup-node@v4	2026-10-04T05:05:34.6866171Z   node-version: 24.13.0
compare (1)	Run actions/setup-node@v4	2026-10-04T05:05:34.6866299Z   always-auth: false
compare (1)	Run actions/setup-node@v4	2026-10-04T05:05:34.6866423Z   check-latest: false
compare (1)	Run actions/setup-node@v4	2026-10-04T05:05:34.6868004Z   token: ***
compare (1)	Run actions/setup-node@v4	2026-10-04T05:05:34.6868119Z ##[endgroup]
compare (1)	Run actions/setup-node@v4	2026-10-04T05:05:34.7719142Z Attempting to download 24.13.0...
compare (1)	Run actions/setup-node@v4	2026-10-04T05:05:34.7783771Z (node:2068) [DEP0040] DeprecationWarning: The `punycode` module is deprecated. Please use a userland alternative instead.
compare (1)	Run actions/setup-node@v4	2026-10-04T05:05:34.7784375Z (Use `node --trace-deprecation ...` to show where the warning was created)
compare (1)	Run actions/setup-node@v4	2026-10-04T05:05:35.4671752Z Acquiring 24.13.0 - x64 from https://github.com/actions/node-versions/releases/download/24.13.0-20981653924/node-24.13.0-linux-x64.tar.gz
compare (1)	Run actions/setup-node@v4	2026-10-04T05:05:35.9680547Z Extracting ...
compare (1)	Run actions/setup-node@v4	2026-10-04T05:05:35.9764602Z [command]/usr/bin/tar xz --strip 1 --warning=no-unknown-keyword --overwrite -C /home/runner/work/_temp/7cb1997a-fbd2-4967-8895-7d08c1aa0f76 -f /home/runner/work/_temp/c632c3ae-9eac-4d0d-b7cc-4d5dcb71a784
compare (1)	Run actions/setup-node@v4	2026-10-04T05:05:36.8686101Z Adding to the cache ...
compare (1)	Run actions/setup-node@v4	2026-10-04T05:05:38.6874430Z ##[group]Environment details
compare (1)	Run actions/setup-node@v4	2026-10-04T05:05:38.8334344Z node: v24.13.0
compare (1)	Run actions/setup-node@v4	2026-10-04T05:05:38.8334681Z npm: 11.6.2
compare (1)	Run actions/setup-node@v4	2026-10-04T05:05:38.8334797Z yarn: 1.22.22
compare (1)	Run actions/setup-node@v4	2026-10-04T05:05:38.8335329Z ##[endgroup]
compare (1)	Run actions/download-artifact@v4	﻿2026-10-04T05:05:38.8481740Z ##[group]Run actions/download-artifact@v4
compare (1)	Run actions/download-artifact@v4	2026-10-04T05:05:38.8481945Z with:
compare (1)	Run actions/download-artifact@v4	2026-10-04T05:05:38.8482082Z   name: a0-m1-on-off-preflight
compare (1)	Run actions/download-artifact@v4	2026-10-04T05:05:38.8482229Z   path: .a0-m1-download
compare (1)	Run actions/download-artifact@v4	2026-10-04T05:05:38.8482360Z   merge-multiple: false
compare (1)	Run actions/download-artifact@v4	2026-10-04T05:05:38.8482496Z   repository: Qnia28/sfinder_wasm
compare (1)	Run actions/download-artifact@v4	2026-10-04T05:05:38.8482639Z   run-id: 37178792683
compare (1)	Run actions/download-artifact@v4	2026-10-04T05:05:38.8482768Z ##[endgroup]
compare (1)	Run actions/download-artifact@v4	2026-10-04T05:05:38.9465535Z Downloading single artifact
compare (1)	Run actions/download-artifact@v4	2026-10-04T05:05:38.9554166Z (node:2105) [DEP0040] DeprecationWarning: The `punycode` module is deprecated. Please use a userland alternative instead.
compare (1)	Run actions/download-artifact@v4	2026-10-04T05:05:38.9554781Z (Use `node --trace-deprecation ...` to show where the warning was created)
compare (1)	Run actions/download-artifact@v4	2026-10-04T05:05:39.1024880Z Preparing to download the following artifacts:
compare (1)	Run actions/download-artifact@v4	2026-10-04T05:05:39.1025603Z - a0-m1-on-off-preflight (ID: 11294581003, Size: 424658, Expected Digest: sha256:87e6401bb695636592d2d61f512d23996e72cc7f843442be11743e776cc2b8d0)
compare (1)	Run actions/download-artifact@v4	2026-10-04T05:05:39.2644032Z Redirecting to blob download url: https://productionresultssa11.blob.core.windows.net/actions-results/4297ffec-0255-8ee0-bba6-e9af8a0a0bfc/workflow-job-run-dc14e853-3c83-5243-80d5-0ca48845ea80/artifacts/42fca3d34ccca3badc4e3d517d40c04ed3ebd9992e70720a6ebc2028c153a759.zip
compare (1)	Run actions/download-artifact@v4	2026-10-04T05:05:39.4230950Z (node:2105) [DEP0005] DeprecationWarning: Buffer() is deprecated due to security and usability issues. Please use the Buffer.alloc(), Buffer.allocUnsafe(), or Buffer.from() methods instead.
compare (1)	Run actions/download-artifact@v4	2026-10-04T05:05:39.4231993Z Starting download of artifact to: /home/runner/work/sfinder_wasm/sfinder_wasm/.a0-m1-download
compare (1)	Run actions/download-artifact@v4	2026-10-04T05:05:39.5688117Z SHA256 digest of downloaded artifact is 87e6401bb695636592d2d61f512d23996e72cc7f843442be11743e776cc2b8d0
compare (1)	Run actions/download-artifact@v4	2026-10-04T05:05:39.5688823Z Artifact download completed successfully.
compare (1)	Run actions/download-artifact@v4	2026-10-04T05:05:39.5689191Z Total of 1 artifact(s) downloaded
compare (1)	Run actions/download-artifact@v4	2026-10-04T05:05:39.5693197Z Download artifact has finished successfully
compare (1)	Restore locked Linux bytes, not per-host rebuilds	﻿2026-10-04T05:05:39.5800093Z ##[group]Run mkdir -p .a0-m1-comparison
compare (1)	Restore locked Linux bytes, not per-host rebuilds	2026-10-04T05:05:39.5800340Z ^[[36;1mmkdir -p .a0-m1-comparison^[[0m
compare (1)	Restore locked Linux bytes, not per-host rebuilds	2026-10-04T05:05:39.5800583Z ^[[36;1mcp .a0-m1-download/.a0-m1-comparison/{ORIGIN,LOCK}.json .a0-m1-comparison/^[[0m
compare (1)	Restore locked Linux bytes, not per-host rebuilds	2026-10-04T05:05:39.5800835Z ^[[36;1mcp .a0-m1-download/wasm/*.wasm wasm/^[[0m
compare (1)	Restore locked Linux bytes, not per-host rebuilds	2026-10-04T05:05:39.5801009Z ^[[36;1mnpm ci --ignore-scripts^[[0m
compare (1)	Restore locked Linux bytes, not per-host rebuilds	2026-10-04T05:05:39.6017357Z shell: /usr/bin/bash -e {0}
compare (1)	Restore locked Linux bytes, not per-host rebuilds	2026-10-04T05:05:39.6017525Z ##[endgroup]
compare (1)	Restore locked Linux bytes, not per-host rebuilds	2026-10-04T05:05:39.9382068Z 
compare (1)	Restore locked Linux bytes, not per-host rebuilds	2026-10-04T05:05:39.9382904Z added 1 package, and audited 2 packages in 294ms
compare (1)	Restore locked Linux bytes, not per-host rebuilds	2026-10-04T05:05:39.9388455Z 
compare (1)	Restore locked Linux bytes, not per-host rebuilds	2026-10-04T05:05:39.9388826Z found 0 vulnerabilities
compare (1)	Run frozen adjacent100pairs/full requests on this host	﻿2026-10-04T05:05:39.9762617Z ##[group]Run group=/sys/fs/cgroup/a0-m1-compare-$GITHUB_RUN_ID-1
compare (1)	Run frozen adjacent100pairs/full requests on this host	2026-10-04T05:05:39.9762906Z ^[[36;1mgroup=/sys/fs/cgroup/a0-m1-compare-$GITHUB_RUN_ID-1^[[0m
compare (1)	Run frozen adjacent100pairs/full requests on this host	2026-10-04T05:05:39.9763097Z ^[[36;1msudo mkdir "$group"^[[0m
compare (1)	Run frozen adjacent100pairs/full requests on this host	2026-10-04T05:05:39.9763276Z ^[[36;1mecho '+memory' | sudo tee "$group/cgroup.subtree_control"^[[0m
compare (1)	Run frozen adjacent100pairs/full requests on this host	2026-10-04T05:05:39.9763649Z ^[[36;1mA0_CGROUP_ROOT="$group" node experiments/a0-m1-on-off-20261004/run.mjs 1^[[0m
compare (1)	Run frozen adjacent100pairs/full requests on this host	2026-10-04T05:05:39.9816119Z shell: /usr/bin/bash -e {0}
compare (1)	Run frozen adjacent100pairs/full requests on this host	2026-10-04T05:05:39.9816264Z ##[endgroup]
compare (1)	Run frozen adjacent100pairs/full requests on this host	2026-10-04T05:05:39.9981506Z +memory
compare (1)	Run frozen adjacent100pairs/full requests on this host	2026-10-04T05:05:48.5020764Z ##[error]Process completed with exit code 1.
compare (1)	Run actions/upload-artifact@v4	﻿2026-10-04T05:05:48.5068532Z ##[group]Run actions/upload-artifact@v4
compare (1)	Run actions/upload-artifact@v4	2026-10-04T05:05:48.5068716Z with:
compare (1)	Run actions/upload-artifact@v4	2026-10-04T05:05:48.5068848Z   name: a0-m1-on-off-host-1
compare (1)	Run actions/upload-artifact@v4	2026-10-04T05:05:48.5069001Z   path: .a0-m1-comparison/results/
compare (1)	Run actions/upload-artifact@v4	2026-10-04T05:05:48.5069160Z   include-hidden-files: true
compare (1)	Run actions/upload-artifact@v4	2026-10-04T05:05:48.5069309Z   if-no-files-found: error
compare (1)	Run actions/upload-artifact@v4	2026-10-04T05:05:48.5069461Z   retention-days: 7
compare (1)	Run actions/upload-artifact@v4	2026-10-04T05:05:48.5069591Z   compression-level: 6
compare (1)	Run actions/upload-artifact@v4	2026-10-04T05:05:48.5069722Z   overwrite: false
compare (1)	Run actions/upload-artifact@v4	2026-10-04T05:05:48.5069846Z ##[endgroup]
compare (1)	Run actions/upload-artifact@v4	2026-10-04T05:05:48.6130585Z (node:2791) [DEP0040] DeprecationWarning: The `punycode` module is deprecated. Please use a userland alternative instead.
compare (1)	Run actions/upload-artifact@v4	2026-10-04T05:05:48.6131159Z (Use `node --trace-deprecation ...` to show where the warning was created)
compare (1)	Run actions/upload-artifact@v4	2026-10-04T05:05:48.6174868Z With the provided path, there will be 5 files uploaded
compare (1)	Run actions/upload-artifact@v4	2026-10-04T05:05:48.6178299Z Artifact name is valid!
compare (1)	Run actions/upload-artifact@v4	2026-10-04T05:05:48.6178749Z Root directory input is valid!
compare (1)	Run actions/upload-artifact@v4	2026-10-04T05:05:48.8970178Z Beginning upload of artifact content to blob storage
compare (1)	Run actions/upload-artifact@v4	2026-10-04T05:05:48.9162671Z (node:2791) [DEP0169] DeprecationWarning: `url.parse()` behavior is not standardized and prone to errors that have security implications. Use the WHATWG URL API instead. CVEs are not issued for `url.parse()` vulnerabilities.
compare (1)	Run actions/upload-artifact@v4	2026-10-04T05:05:49.1162910Z Uploaded bytes 68385
compare (1)	Run actions/upload-artifact@v4	2026-10-04T05:05:49.1572540Z Finished uploading artifact content to blob storage!
compare (1)	Run actions/upload-artifact@v4	2026-10-04T05:05:49.1573110Z SHA256 digest of uploaded artifact zip is cb69371da51b3f627b92327a713066582b57b7cb76011ed960062849579b4938
compare (1)	Run actions/upload-artifact@v4	2026-10-04T05:05:49.1574784Z Finalizing artifact upload
compare (1)	Run actions/upload-artifact@v4	2026-10-04T05:05:49.3795099Z Artifact a0-m1-on-off-host-1.zip successfully finalized. Artifact ID 11294900625
compare (1)	Run actions/upload-artifact@v4	2026-10-04T05:05:49.3795924Z Artifact a0-m1-on-off-host-1 has been successfully uploaded! Final size is 68385 bytes. Artifact ID is 11294900625
compare (1)	Run actions/upload-artifact@v4	2026-10-04T05:05:49.3821186Z Artifact download URL: https://github.com/Qnia28/sfinder_wasm/actions/runs/37178792683/artifacts/11294900625
compare (1)	Post Run actions/checkout@v4	﻿2026-10-04T05:05:49.3965273Z Post job cleanup.
compare (1)	Post Run actions/checkout@v4	2026-10-04T05:05:49.4524392Z [command]/usr/bin/git version
compare (1)	Post Run actions/checkout@v4	2026-10-04T05:05:49.4543206Z git version 2.55.0
compare (1)	Post Run actions/checkout@v4	2026-10-04T05:05:49.4569083Z Temporarily overriding HOME='/home/runner/work/_temp/b892688e-5604-45dc-b68a-79e47bd73984' before making global git config changes
compare (1)	Post Run actions/checkout@v4	2026-10-04T05:05:49.4569697Z Adding repository directory to the temporary git global config as a safe directory
compare (1)	Post Run actions/checkout@v4	2026-10-04T05:05:49.4572848Z [command]/usr/bin/git config --global --add safe.directory /home/runner/work/sfinder_wasm/sfinder_wasm
compare (1)	Post Run actions/checkout@v4	2026-10-04T05:05:49.4605894Z [command]/usr/bin/git config --local --name-only --get-regexp core\.sshCommand
compare (1)	Post Run actions/checkout@v4	2026-10-04T05:05:49.4632821Z [command]/usr/bin/git submodule foreach --recursive sh -c "git config --local --name-only --get-regexp 'core\.sshCommand' && git config --local --unset-all 'core.sshCommand' || :"
compare (1)	Post Run actions/checkout@v4	2026-10-04T05:05:49.4833547Z [command]/usr/bin/git config --local --name-only --get-regexp http\.https\:\/\/github\.com\/\.extraheader
compare (1)	Post Run actions/checkout@v4	2026-10-04T05:05:49.4886181Z http.https://github.com/.extraheader
compare (1)	Post Run actions/checkout@v4	2026-10-04T05:05:49.4894331Z [command]/usr/bin/git config --local --unset-all http.https://github.com/.extraheader
compare (1)	Post Run actions/checkout@v4	2026-10-04T05:05:49.4924578Z [command]/usr/bin/git submodule foreach --recursive sh -c "git config --local --name-only --get-regexp 'http\.https\:\/\/github\.com\/\.extraheader' && git config --local --unset-all 'http.https://github.com/.extraheader' || :"
compare (1)	Post Run actions/checkout@v4	2026-10-04T05:05:49.5117704Z [command]/usr/bin/git config --local --name-only --get-regexp ^includeIf\.gitdir:
compare (1)	Post Run actions/checkout@v4	2026-10-04T05:05:49.5148081Z [command]/usr/bin/git submodule foreach --recursive git config --local --show-origin --name-only --get-regexp remote.origin.url
compare (1)	Complete job	﻿2026-10-04T05:05:49.5470389Z Cleaning up orphan processes
compare (1)	Complete job	2026-10-04T05:05:49.5697881Z ##[warning]Node.js 20 is deprecated. The following actions target Node.js 20 but are being forced to run on Node.js 24: actions/checkout@v4, actions/download-artifact@v4, actions/setup-node@v4, actions/upload-artifact@v4. For more information see: https://github.blog/changelog/2025-09-19-deprecation-of-node-20-on-github-actions-runners/
compare (7)	Set up job	﻿2026-10-04T05:05:35.8771494Z Current runner version: '2.337.0'
compare (7)	Set up job	2026-10-04T05:05:35.8798019Z ##[group]Runner Image Provisioner
compare (7)	Set up job	2026-10-04T05:05:35.8798966Z Hosted Compute Agent
compare (7)	Set up job	2026-10-04T05:05:35.8799579Z Version: 20260901.588
compare (7)	Set up job	2026-10-04T05:05:35.8800287Z Commit: f88ec8081b781fac6c440065ac7ff9e710ce3d0b
compare (7)	Set up job	2026-10-04T05:05:35.8801051Z Build Date: 2026-09-01T19:56:44Z
compare (7)	Set up job	2026-10-04T05:05:35.8801743Z Worker ID: {29e001c7-fb30-461b-bbe4-f62c08aa7b39}
compare (7)	Set up job	2026-10-04T05:05:35.8802567Z Azure Region: northcentralus
compare (7)	Set up job	2026-10-04T05:05:35.8803186Z ##[endgroup]
compare (7)	Set up job	2026-10-04T05:05:35.8804685Z ##[group]Operating System
compare (7)	Set up job	2026-10-04T05:05:35.8805487Z Ubuntu
compare (7)	Set up job	2026-10-04T05:05:35.8805999Z 24.04.5
compare (7)	Set up job	2026-10-04T05:05:35.8807022Z LTS
compare (7)	Set up job	2026-10-04T05:05:35.8807587Z ##[endgroup]
compare (7)	Set up job	2026-10-04T05:05:35.8808196Z ##[group]Runner Image
compare (7)	Set up job	2026-10-04T05:05:35.8808834Z Image: ubuntu-24.04
compare (7)	Set up job	2026-10-04T05:05:35.8809416Z Version: 20260927.320.1
compare (7)	Set up job	2026-10-04T05:05:35.8810995Z Included Software: https://github.com/actions/runner-images/blob/ubuntu24/20260927.320/images/ubuntu/Ubuntu2404-Readme.md
compare (7)	Set up job	2026-10-04T05:05:35.8812827Z Image Release: https://github.com/actions/runner-images/releases/tag/ubuntu24%2F20260927.320
compare (7)	Set up job	2026-10-04T05:05:35.8813828Z ##[endgroup]
compare (7)	Set up job	2026-10-04T05:05:35.8815150Z ##[group]GITHUB_TOKEN Permissions
compare (7)	Set up job	2026-10-04T05:05:35.8817437Z Actions: read
compare (7)	Set up job	2026-10-04T05:05:35.8818086Z Contents: read
compare (7)	Set up job	2026-10-04T05:05:35.8818757Z Metadata: read
compare (7)	Set up job	2026-10-04T05:05:35.8819334Z ##[endgroup]
compare (7)	Set up job	2026-10-04T05:05:35.8822088Z Secret source: Actions
compare (7)	Set up job	2026-10-04T05:05:35.8823085Z Cache mode: write
compare (7)	Set up job	2026-10-04T05:05:35.8823993Z Prepare workflow directory
compare (7)	Set up job	2026-10-04T05:05:35.9310358Z Prepare all required actions
compare (7)	Set up job	2026-10-04T05:05:35.9381984Z Getting action download info
compare (7)	Set up job	2026-10-04T05:05:36.1843162Z Download action repository 'actions/checkout@v4' (SHA:11d5960a326750d5838078e36cf38b85af677262)
compare (7)	Set up job	2026-10-04T05:05:36.2833813Z Download action repository 'actions/setup-node@v4' (SHA:49933ea5288caeca8642d1e84afbd3f7d6820020)
compare (7)	Set up job	2026-10-04T05:05:36.3700917Z Download action repository 'actions/download-artifact@v4' (SHA:d3f86a106a0bac45b974a628896c90dbdf5c8093)
compare (7)	Set up job	2026-10-04T05:05:36.7189838Z Download action repository 'actions/upload-artifact@v4' (SHA:ea165f8d65b6e75b540449e92b4886f43607fa02)
compare (7)	Set up job	2026-10-04T05:05:36.9380729Z Complete job name: compare (7)
compare (7)	Run actions/checkout@v4	﻿2026-10-04T05:05:37.0155806Z ##[group]Run actions/checkout@v4
compare (7)	Run actions/checkout@v4	2026-10-04T05:05:37.0156992Z with:
compare (7)	Run actions/checkout@v4	2026-10-04T05:05:37.0157480Z   repository: Qnia28/sfinder_wasm
compare (7)	Run actions/checkout@v4	2026-10-04T05:05:37.0161213Z   token: ***
compare (7)	Run actions/checkout@v4	2026-10-04T05:05:37.0161661Z   ssh-strict: true
compare (7)	Run actions/checkout@v4	2026-10-04T05:05:37.0162117Z   ssh-user: git
compare (7)	Run actions/checkout@v4	2026-10-04T05:05:37.0162575Z   persist-credentials: true
compare (7)	Run actions/checkout@v4	2026-10-04T05:05:37.0163065Z   clean: true
compare (7)	Run actions/checkout@v4	2026-10-04T05:05:37.0163552Z   sparse-checkout-cone-mode: true
compare (7)	Run actions/checkout@v4	2026-10-04T05:05:37.0164151Z   fetch-depth: 1
compare (7)	Run actions/checkout@v4	2026-10-04T05:05:37.0164652Z   fetch-tags: false
compare (7)	Run actions/checkout@v4	2026-10-04T05:05:37.0165089Z   show-progress: true
compare (7)	Run actions/checkout@v4	2026-10-04T05:05:37.0165532Z   lfs: false
compare (7)	Run actions/checkout@v4	2026-10-04T05:05:37.0165946Z   submodules: false
compare (7)	Run actions/checkout@v4	2026-10-04T05:05:37.0166751Z   set-safe-directory: true
compare (7)	Run actions/checkout@v4	2026-10-04T05:05:37.0167371Z   allow-unsafe-pr-checkout: false
compare (7)	Run actions/checkout@v4	2026-10-04T05:05:37.0168248Z ##[endgroup]
compare (7)	Run actions/checkout@v4	2026-10-04T05:05:37.1211413Z Syncing repository: Qnia28/sfinder_wasm
compare (7)	Run actions/checkout@v4	2026-10-04T05:05:37.1214008Z ##[group]Getting Git version info
compare (7)	Run actions/checkout@v4	2026-10-04T05:05:37.1215296Z Working directory is '/home/runner/work/sfinder_wasm/sfinder_wasm'
compare (7)	Run actions/checkout@v4	2026-10-04T05:05:37.1217215Z [command]/usr/bin/git version
compare (7)	Run actions/checkout@v4	2026-10-04T05:05:37.1330858Z git version 2.55.0
compare (7)	Run actions/checkout@v4	2026-10-04T05:05:37.1354309Z ##[endgroup]
compare (7)	Run actions/checkout@v4	2026-10-04T05:05:37.1369738Z Temporarily overriding HOME='/home/runner/work/_temp/9f3a7271-baca-4095-be3b-907964a2527b' before making global git config changes
compare (7)	Run actions/checkout@v4	2026-10-04T05:05:37.1372130Z Adding repository directory to the temporary git global config as a safe directory
compare (7)	Run actions/checkout@v4	2026-10-04T05:05:37.1376706Z [command]/usr/bin/git config --global --add safe.directory /home/runner/work/sfinder_wasm/sfinder_wasm
compare (7)	Run actions/checkout@v4	2026-10-04T05:05:37.1434038Z Deleting the contents of '/home/runner/work/sfinder_wasm/sfinder_wasm'
compare (7)	Run actions/checkout@v4	2026-10-04T05:05:37.1444044Z ##[group]Initializing the repository
compare (7)	Run actions/checkout@v4	2026-10-04T05:05:37.1445768Z [command]/usr/bin/git init /home/runner/work/sfinder_wasm/sfinder_wasm
compare (7)	Run actions/checkout@v4	2026-10-04T05:05:37.1603608Z hint: Using 'master' as the name for the initial branch. This default branch name
compare (7)	Run actions/checkout@v4	2026-10-04T05:05:37.1605689Z hint: will change to "main" in Git 3.0. To configure the initial branch name
compare (7)	Run actions/checkout@v4	2026-10-04T05:05:37.1607927Z hint: to use in all of your new repositories, which will suppress this warning,
compare (7)	Run actions/checkout@v4	2026-10-04T05:05:37.1609478Z hint: call:
compare (7)	Run actions/checkout@v4	2026-10-04T05:05:37.1610503Z hint:
compare (7)	Run actions/checkout@v4	2026-10-04T05:05:37.1611592Z hint: 	git config --global init.defaultBranch <name>
compare (7)	Run actions/checkout@v4	2026-10-04T05:05:37.1613803Z hint:
compare (7)	Run actions/checkout@v4	2026-10-04T05:05:37.1615137Z hint: Names commonly chosen instead of 'master' are 'main', 'trunk' and
compare (7)	Run actions/checkout@v4	2026-10-04T05:05:37.1617249Z hint: 'development'. The just-created branch can be renamed via this command:
compare (7)	Run actions/checkout@v4	2026-10-04T05:05:37.1618849Z hint:
compare (7)	Run actions/checkout@v4	2026-10-04T05:05:37.1619852Z hint: 	git branch -m <name>
compare (7)	Run actions/checkout@v4	2026-10-04T05:05:37.1621036Z hint:
compare (7)	Run actions/checkout@v4	2026-10-04T05:05:37.1622511Z hint: Disable this message with "git config set advice.defaultBranchName false"
compare (7)	Run actions/checkout@v4	2026-10-04T05:05:37.1624343Z Initialized empty Git repository in /home/runner/work/sfinder_wasm/sfinder_wasm/.git/
compare (7)	Run actions/checkout@v4	2026-10-04T05:05:37.1627513Z [command]/usr/bin/git remote add origin https://github.com/Qnia28/sfinder_wasm
compare (7)	Run actions/checkout@v4	2026-10-04T05:05:37.1679554Z ##[endgroup]
compare (7)	Run actions/checkout@v4	2026-10-04T05:05:37.1681041Z ##[group]Disabling automatic garbage collection
compare (7)	Run actions/checkout@v4	2026-10-04T05:05:37.1683455Z [command]/usr/bin/git config --local gc.auto 0
compare (7)	Run actions/checkout@v4	2026-10-04T05:05:37.1722132Z ##[endgroup]
compare (7)	Run actions/checkout@v4	2026-10-04T05:05:37.1723394Z ##[group]Setting up auth
compare (7)	Run actions/checkout@v4	2026-10-04T05:05:37.1730080Z [command]/usr/bin/git config --local --name-only --get-regexp core\.sshCommand
compare (7)	Run actions/checkout@v4	2026-10-04T05:05:37.1769659Z [command]/usr/bin/git submodule foreach --recursive sh -c "git config --local --name-only --get-regexp 'core\.sshCommand' && git config --local --unset-all 'core.sshCommand' || :"
compare (7)	Run actions/checkout@v4	2026-10-04T05:05:37.2155220Z [command]/usr/bin/git config --local --name-only --get-regexp http\.https\:\/\/github\.com\/\.extraheader
compare (7)	Run actions/checkout@v4	2026-10-04T05:05:37.2192413Z [command]/usr/bin/git submodule foreach --recursive sh -c "git config --local --name-only --get-regexp 'http\.https\:\/\/github\.com\/\.extraheader' && git config --local --unset-all 'http.https://github.com/.extraheader' || :"
compare (7)	Run actions/checkout@v4	2026-10-04T05:05:37.2421074Z [command]/usr/bin/git config --local --name-only --get-regexp ^includeIf\.gitdir:
compare (7)	Run actions/checkout@v4	2026-10-04T05:05:37.2458926Z [command]/usr/bin/git submodule foreach --recursive git config --local --show-origin --name-only --get-regexp remote.origin.url
compare (7)	Run actions/checkout@v4	2026-10-04T05:05:37.2689181Z [command]/usr/bin/git config --local http.https://github.com/.extraheader AUTHORIZATION: basic ***
compare (7)	Run actions/checkout@v4	2026-10-04T05:05:37.2731852Z ##[endgroup]
compare (7)	Run actions/checkout@v4	2026-10-04T05:05:37.2732980Z ##[group]Fetching the repository
compare (7)	Run actions/checkout@v4	2026-10-04T05:05:37.2742787Z [command]/usr/bin/git -c protocol.version=2 fetch --no-tags --prune --no-recurse-submodules --depth=1 origin +03ef21d61bb1dcbe2d68e54018ba64c12960b04b:refs/remotes/origin/integration/a0-m1-selectable-20261004
compare (7)	Run actions/checkout@v4	2026-10-04T05:05:38.0086998Z From https://github.com/Qnia28/sfinder_wasm
compare (7)	Run actions/checkout@v4	2026-10-04T05:05:38.0089494Z  * [new ref]         03ef21d61bb1dcbe2d68e54018ba64c12960b04b -> origin/integration/a0-m1-selectable-20261004
compare (7)	Run actions/checkout@v4	2026-10-04T05:05:38.0101139Z ##[endgroup]
compare (7)	Run actions/checkout@v4	2026-10-04T05:05:38.0102552Z ##[group]Determining the checkout info
compare (7)	Run actions/checkout@v4	2026-10-04T05:05:38.0114949Z ##[endgroup]
compare (7)	Run actions/checkout@v4	2026-10-04T05:05:38.0115804Z [command]/usr/bin/git sparse-checkout disable
compare (7)	Run actions/checkout@v4	2026-10-04T05:05:38.0168471Z [command]/usr/bin/git config --local --unset-all extensions.worktreeConfig
compare (7)	Run actions/checkout@v4	2026-10-04T05:05:38.0203721Z ##[group]Checking out the ref
compare (7)	Run actions/checkout@v4	2026-10-04T05:05:38.0209219Z [command]/usr/bin/git checkout --progress --force -B integration/a0-m1-selectable-20261004 refs/remotes/origin/integration/a0-m1-selectable-20261004
compare (7)	Run actions/checkout@v4	2026-10-04T05:05:38.2123499Z Switched to a new branch 'integration/a0-m1-selectable-20261004'
compare (7)	Run actions/checkout@v4	2026-10-04T05:05:38.2129637Z branch 'integration/a0-m1-selectable-20261004' set up to track 'origin/integration/a0-m1-selectable-20261004'.
compare (7)	Run actions/checkout@v4	2026-10-04T05:05:38.2140124Z ##[endgroup]
compare (7)	Run actions/checkout@v4	2026-10-04T05:05:38.2186798Z [command]/usr/bin/git log -1 --format=%H
compare (7)	Run actions/checkout@v4	2026-10-04T05:05:38.2214389Z 03ef21d61bb1dcbe2d68e54018ba64c12960b04b
compare (7)	Run actions/setup-node@v4	﻿2026-10-04T05:05:38.2596645Z ##[group]Run actions/setup-node@v4
compare (7)	Run actions/setup-node@v4	2026-10-04T05:05:38.2597400Z with:
compare (7)	Run actions/setup-node@v4	2026-10-04T05:05:38.2597875Z   node-version: 24.13.0
compare (7)	Run actions/setup-node@v4	2026-10-04T05:05:38.2598409Z   always-auth: false
compare (7)	Run actions/setup-node@v4	2026-10-04T05:05:38.2598912Z   check-latest: false
compare (7)	Run actions/setup-node@v4	2026-10-04T05:05:38.2602685Z   token: ***
compare (7)	Run actions/setup-node@v4	2026-10-04T05:05:38.2603171Z ##[endgroup]
compare (7)	Run actions/setup-node@v4	2026-10-04T05:05:38.4014671Z Attempting to download 24.13.0...
compare (7)	Run actions/setup-node@v4	2026-10-04T05:05:38.4121326Z (node:2376) [DEP0040] DeprecationWarning: The `punycode` module is deprecated. Please use a userland alternative instead.
compare (7)	Run actions/setup-node@v4	2026-10-04T05:05:38.4123481Z (Use `node --trace-deprecation ...` to show where the warning was created)
compare (7)	Run actions/setup-node@v4	2026-10-04T05:05:38.9921132Z Acquiring 24.13.0 - x64 from https://github.com/actions/node-versions/releases/download/24.13.0-20981653924/node-24.13.0-linux-x64.tar.gz
compare (7)	Run actions/setup-node@v4	2026-10-04T05:05:39.4097563Z Extracting ...
compare (7)	Run actions/setup-node@v4	2026-10-04T05:05:39.4243921Z [command]/usr/bin/tar xz --strip 1 --warning=no-unknown-keyword --overwrite -C /home/runner/work/_temp/bdca62c0-8fea-40f1-be7b-979ff5ae36b8 -f /home/runner/work/_temp/9422bcbb-20a0-431a-9da8-6b78f035acde
compare (7)	Run actions/setup-node@v4	2026-10-04T05:05:40.6610084Z Adding to the cache ...
compare (7)	Run actions/setup-node@v4	2026-10-04T05:05:42.7114404Z ##[group]Environment details
compare (7)	Run actions/setup-node@v4	2026-10-04T05:05:42.9504837Z node: v24.13.0
compare (7)	Run actions/setup-node@v4	2026-10-04T05:05:42.9505499Z npm: 11.6.2
compare (7)	Run actions/setup-node@v4	2026-10-04T05:05:42.9505849Z yarn: 1.22.22
compare (7)	Run actions/setup-node@v4	2026-10-04T05:05:42.9507214Z ##[endgroup]
compare (7)	Run actions/download-artifact@v4	﻿2026-10-04T05:05:42.9701065Z ##[group]Run actions/download-artifact@v4
compare (7)	Run actions/download-artifact@v4	2026-10-04T05:05:42.9701442Z with:
compare (7)	Run actions/download-artifact@v4	2026-10-04T05:05:42.9701650Z   name: a0-m1-on-off-preflight
compare (7)	Run actions/download-artifact@v4	2026-10-04T05:05:42.9701917Z   path: .a0-m1-download
compare (7)	Run actions/download-artifact@v4	2026-10-04T05:05:42.9702150Z   merge-multiple: false
compare (7)	Run actions/download-artifact@v4	2026-10-04T05:05:42.9702393Z   repository: Qnia28/sfinder_wasm
compare (7)	Run actions/download-artifact@v4	2026-10-04T05:05:42.9702652Z   run-id: 37178792683
compare (7)	Run actions/download-artifact@v4	2026-10-04T05:05:42.9702891Z ##[endgroup]
compare (7)	Run actions/download-artifact@v4	2026-10-04T05:05:43.1205353Z Downloading single artifact
compare (7)	Run actions/download-artifact@v4	2026-10-04T05:05:43.1349466Z (node:2411) [DEP0040] DeprecationWarning: The `punycode` module is deprecated. Please use a userland alternative instead.
compare (7)	Run actions/download-artifact@v4	2026-10-04T05:05:43.1350499Z (Use `node --trace-deprecation ...` to show where the warning was created)
compare (7)	Run actions/download-artifact@v4	2026-10-04T05:05:43.2409457Z Preparing to download the following artifacts:
compare (7)	Run actions/download-artifact@v4	2026-10-04T05:05:43.2410736Z - a0-m1-on-off-preflight (ID: 11294581003, Size: 424658, Expected Digest: sha256:87e6401bb695636592d2d61f512d23996e72cc7f843442be11743e776cc2b8d0)
compare (7)	Run actions/download-artifact@v4	2026-10-04T05:05:43.4145636Z Redirecting to blob download url: https://productionresultssa11.blob.core.windows.net/actions-results/4297ffec-0255-8ee0-bba6-e9af8a0a0bfc/workflow-job-run-dc14e853-3c83-5243-80d5-0ca48845ea80/artifacts/42fca3d34ccca3badc4e3d517d40c04ed3ebd9992e70720a6ebc2028c153a759.zip
compare (7)	Run actions/download-artifact@v4	2026-10-04T05:05:43.4147898Z Starting download of artifact to: /home/runner/work/sfinder_wasm/sfinder_wasm/.a0-m1-download
compare (7)	Run actions/download-artifact@v4	2026-10-04T05:05:43.5186981Z (node:2411) [DEP0005] DeprecationWarning: Buffer() is deprecated due to security and usability issues. Please use the Buffer.alloc(), Buffer.allocUnsafe(), or Buffer.from() methods instead.
compare (7)	Run actions/download-artifact@v4	2026-10-04T05:05:43.6197863Z SHA256 digest of downloaded artifact is 87e6401bb695636592d2d61f512d23996e72cc7f843442be11743e776cc2b8d0
compare (7)	Run actions/download-artifact@v4	2026-10-04T05:05:43.6199288Z Artifact download completed successfully.
compare (7)	Run actions/download-artifact@v4	2026-10-04T05:05:43.6200131Z Total of 1 artifact(s) downloaded
compare (7)	Run actions/download-artifact@v4	2026-10-04T05:05:43.6201049Z Download artifact has finished successfully
compare (7)	Restore locked Linux bytes, not per-host rebuilds	﻿2026-10-04T05:05:43.6350216Z ##[group]Run mkdir -p .a0-m1-comparison
compare (7)	Restore locked Linux bytes, not per-host rebuilds	2026-10-04T05:05:43.6350659Z ^[[36;1mmkdir -p .a0-m1-comparison^[[0m
compare (7)	Restore locked Linux bytes, not per-host rebuilds	2026-10-04T05:05:43.6351108Z ^[[36;1mcp .a0-m1-download/.a0-m1-comparison/{ORIGIN,LOCK}.json .a0-m1-comparison/^[[0m
compare (7)	Restore locked Linux bytes, not per-host rebuilds	2026-10-04T05:05:43.6351568Z ^[[36;1mcp .a0-m1-download/wasm/*.wasm wasm/^[[0m
compare (7)	Restore locked Linux bytes, not per-host rebuilds	2026-10-04T05:05:43.6351878Z ^[[36;1mnpm ci --ignore-scripts^[[0m
compare (7)	Restore locked Linux bytes, not per-host rebuilds	2026-10-04T05:05:43.6642575Z shell: /usr/bin/bash -e {0}
compare (7)	Restore locked Linux bytes, not per-host rebuilds	2026-10-04T05:05:43.6642950Z ##[endgroup]
compare (7)	Restore locked Linux bytes, not per-host rebuilds	2026-10-04T05:05:44.1173996Z 
compare (7)	Restore locked Linux bytes, not per-host rebuilds	2026-10-04T05:05:44.1174890Z added 1 package, and audited 2 packages in 388ms
compare (7)	Restore locked Linux bytes, not per-host rebuilds	2026-10-04T05:05:44.1183509Z 
compare (7)	Restore locked Linux bytes, not per-host rebuilds	2026-10-04T05:05:44.1184417Z found 0 vulnerabilities
compare (7)	Run frozen adjacent100pairs/full requests on this host	﻿2026-10-04T05:05:44.1632728Z ##[group]Run group=/sys/fs/cgroup/a0-m1-compare-$GITHUB_RUN_ID-7
compare (7)	Run frozen adjacent100pairs/full requests on this host	2026-10-04T05:05:44.1633264Z ^[[36;1mgroup=/sys/fs/cgroup/a0-m1-compare-$GITHUB_RUN_ID-7^[[0m
compare (7)	Run frozen adjacent100pairs/full requests on this host	2026-10-04T05:05:44.1633621Z ^[[36;1msudo mkdir "$group"^[[0m
compare (7)	Run frozen adjacent100pairs/full requests on this host	2026-10-04T05:05:44.1633955Z ^[[36;1mecho '+memory' | sudo tee "$group/cgroup.subtree_control"^[[0m
compare (7)	Run frozen adjacent100pairs/full requests on this host	2026-10-04T05:05:44.1634436Z ^[[36;1mA0_CGROUP_ROOT="$group" node experiments/a0-m1-on-off-20261004/run.mjs 7^[[0m
compare (7)	Run frozen adjacent100pairs/full requests on this host	2026-10-04T05:05:44.1699254Z shell: /usr/bin/bash -e {0}
compare (7)	Run frozen adjacent100pairs/full requests on this host	2026-10-04T05:05:44.1699553Z ##[endgroup]
compare (7)	Run frozen adjacent100pairs/full requests on this host	2026-10-04T05:05:44.1932969Z +memory
compare (7)	Run frozen adjacent100pairs/full requests on this host	2026-10-04T05:05:57.7950125Z ##[error]Process completed with exit code 1.
compare (7)	Run actions/upload-artifact@v4	﻿2026-10-04T05:05:57.8021531Z ##[group]Run actions/upload-artifact@v4
compare (7)	Run actions/upload-artifact@v4	2026-10-04T05:05:57.8021858Z with:
compare (7)	Run actions/upload-artifact@v4	2026-10-04T05:05:57.8022069Z   name: a0-m1-on-off-host-7
compare (7)	Run actions/upload-artifact@v4	2026-10-04T05:05:57.8022324Z   path: .a0-m1-comparison/results/
compare (7)	Run actions/upload-artifact@v4	2026-10-04T05:05:57.8022595Z   include-hidden-files: true
compare (7)	Run actions/upload-artifact@v4	2026-10-04T05:05:57.8022874Z   if-no-files-found: error
compare (7)	Run actions/upload-artifact@v4	2026-10-04T05:05:57.8023113Z   retention-days: 7
compare (7)	Run actions/upload-artifact@v4	2026-10-04T05:05:57.8023328Z   compression-level: 6
compare (7)	Run actions/upload-artifact@v4	2026-10-04T05:05:57.8023551Z   overwrite: false
compare (7)	Run actions/upload-artifact@v4	2026-10-04T05:05:57.8023758Z ##[endgroup]
compare (7)	Run actions/upload-artifact@v4	2026-10-04T05:05:57.9780086Z (node:3095) [DEP0040] DeprecationWarning: The `punycode` module is deprecated. Please use a userland alternative instead.
compare (7)	Run actions/upload-artifact@v4	2026-10-04T05:05:57.9781714Z (Use `node --trace-deprecation ...` to show where the warning was created)
compare (7)	Run actions/upload-artifact@v4	2026-10-04T05:05:57.9878670Z With the provided path, there will be 5 files uploaded
compare (7)	Run actions/upload-artifact@v4	2026-10-04T05:05:57.9879627Z Artifact name is valid!
compare (7)	Run actions/upload-artifact@v4	2026-10-04T05:05:57.9880125Z Root directory input is valid!
compare (7)	Run actions/upload-artifact@v4	2026-10-04T05:05:58.2150713Z Beginning upload of artifact content to blob storage
compare (7)	Run actions/upload-artifact@v4	2026-10-04T05:05:58.2476880Z (node:3095) [DEP0169] DeprecationWarning: `url.parse()` behavior is not standardized and prone to errors that have security implications. Use the WHATWG URL API instead. CVEs are not issued for `url.parse()` vulnerabilities.
compare (7)	Run actions/upload-artifact@v4	2026-10-04T05:05:58.3945995Z Uploaded bytes 68387
compare (7)	Run actions/upload-artifact@v4	2026-10-04T05:05:58.4303302Z Finished uploading artifact content to blob storage!
compare (7)	Run actions/upload-artifact@v4	2026-10-04T05:05:58.4304584Z SHA256 digest of uploaded artifact zip is 415404c48a38fcda5bd2de756cf50af80590d1f356179d9479792adb0b8204db
compare (7)	Run actions/upload-artifact@v4	2026-10-04T05:05:58.4305803Z Finalizing artifact upload
compare (7)	Run actions/upload-artifact@v4	2026-10-04T05:05:58.6850893Z Artifact a0-m1-on-off-host-7.zip successfully finalized. Artifact ID 11294081509
compare (7)	Run actions/upload-artifact@v4	2026-10-04T05:05:58.6856096Z Artifact a0-m1-on-off-host-7 has been successfully uploaded! Final size is 68387 bytes. Artifact ID is 11294081509
compare (7)	Run actions/upload-artifact@v4	2026-10-04T05:05:58.6860370Z Artifact download URL: https://github.com/Qnia28/sfinder_wasm/actions/runs/37178792683/artifacts/11294081509
compare (7)	Post Run actions/checkout@v4	﻿2026-10-04T05:05:58.7086053Z Post job cleanup.
compare (7)	Post Run actions/checkout@v4	2026-10-04T05:05:58.7987956Z [command]/usr/bin/git version
compare (7)	Post Run actions/checkout@v4	2026-10-04T05:05:58.8033081Z git version 2.55.0
compare (7)	Post Run actions/checkout@v4	2026-10-04T05:05:58.8074183Z Temporarily overriding HOME='/home/runner/work/_temp/552363c5-d8a9-46da-b3ae-1f17282a2e1f' before making global git config changes
compare (7)	Post Run actions/checkout@v4	2026-10-04T05:05:58.8075717Z Adding repository directory to the temporary git global config as a safe directory
compare (7)	Post Run actions/checkout@v4	2026-10-04T05:05:58.8080910Z [command]/usr/bin/git config --global --add safe.directory /home/runner/work/sfinder_wasm/sfinder_wasm
compare (7)	Post Run actions/checkout@v4	2026-10-04T05:05:58.8121613Z [command]/usr/bin/git config --local --name-only --get-regexp core\.sshCommand
compare (7)	Post Run actions/checkout@v4	2026-10-04T05:05:58.8159407Z [command]/usr/bin/git submodule foreach --recursive sh -c "git config --local --name-only --get-regexp 'core\.sshCommand' && git config --local --unset-all 'core.sshCommand' || :"
compare (7)	Post Run actions/checkout@v4	2026-10-04T05:05:58.8418346Z [command]/usr/bin/git config --local --name-only --get-regexp http\.https\:\/\/github\.com\/\.extraheader
compare (7)	Post Run actions/checkout@v4	2026-10-04T05:05:58.8461446Z http.https://github.com/.extraheader
compare (7)	Post Run actions/checkout@v4	2026-10-04T05:05:58.8464793Z [command]/usr/bin/git config --local --unset-all http.https://github.com/.extraheader
compare (7)	Post Run actions/checkout@v4	2026-10-04T05:05:58.8504092Z [command]/usr/bin/git submodule foreach --recursive sh -c "git config --local --name-only --get-regexp 'http\.https\:\/\/github\.com\/\.extraheader' && git config --local --unset-all 'http.https://github.com/.extraheader' || :"
compare (7)	Post Run actions/checkout@v4	2026-10-04T05:05:58.8763639Z [command]/usr/bin/git config --local --name-only --get-regexp ^includeIf\.gitdir:
compare (7)	Post Run actions/checkout@v4	2026-10-04T05:05:58.8807844Z [command]/usr/bin/git submodule foreach --recursive git config --local --show-origin --name-only --get-regexp remote.origin.url
compare (7)	Complete job	﻿2026-10-04T05:05:58.9235670Z Cleaning up orphan processes
compare (7)	Complete job	2026-10-04T05:05:58.9559997Z ##[warning]Node.js 20 is deprecated. The following actions target Node.js 20 but are being forced to run on Node.js 24: actions/checkout@v4, actions/download-artifact@v4, actions/setup-node@v4, actions/upload-artifact@v4. For more information see: https://github.blog/changelog/2025-09-19-deprecation-of-node-20-on-github-actions-runners/
compare (5)	Set up job	﻿2026-10-04T05:05:31.2254787Z Current runner version: '2.337.0'
compare (5)	Set up job	2026-10-04T05:05:31.2275626Z ##[group]Runner Image Provisioner
compare (5)	Set up job	2026-10-04T05:05:31.2276392Z Hosted Compute Agent
compare (5)	Set up job	2026-10-04T05:05:31.2276957Z Version: 20260901.588
compare (5)	Set up job	2026-10-04T05:05:31.2277504Z Commit: f88ec8081b781fac6c440065ac7ff9e710ce3d0b
compare (5)	Set up job	2026-10-04T05:05:31.2278133Z Build Date: 2026-09-01T19:56:44Z
compare (5)	Set up job	2026-10-04T05:05:31.2278737Z Worker ID: {a4f71b86-1513-4b78-a669-4a4665b13ee3}
compare (5)	Set up job	2026-10-04T05:05:31.2279290Z Azure Region: westus3
compare (5)	Set up job	2026-10-04T05:05:31.2279821Z ##[endgroup]
compare (5)	Set up job	2026-10-04T05:05:31.2280944Z ##[group]Operating System
compare (5)	Set up job	2026-10-04T05:05:31.2281487Z Ubuntu
compare (5)	Set up job	2026-10-04T05:05:31.2281983Z 24.04.5
compare (5)	Set up job	2026-10-04T05:05:31.2282521Z LTS
compare (5)	Set up job	2026-10-04T05:05:31.2282981Z ##[endgroup]
compare (5)	Set up job	2026-10-04T05:05:31.2283463Z ##[group]Runner Image
compare (5)	Set up job	2026-10-04T05:05:31.2283968Z Image: ubuntu-24.04
compare (5)	Set up job	2026-10-04T05:05:31.2284469Z Version: 20260927.320.1
compare (5)	Set up job	2026-10-04T05:05:31.2285319Z Included Software: https://github.com/actions/runner-images/blob/ubuntu24/20260927.320/images/ubuntu/Ubuntu2404-Readme.md
compare (5)	Set up job	2026-10-04T05:05:31.2287037Z Image Release: https://github.com/actions/runner-images/releases/tag/ubuntu24%2F20260927.320
compare (5)	Set up job	2026-10-04T05:05:31.2287845Z ##[endgroup]
compare (5)	Set up job	2026-10-04T05:05:31.2288843Z ##[group]GITHUB_TOKEN Permissions
compare (5)	Set up job	2026-10-04T05:05:31.2290573Z Actions: read
compare (5)	Set up job	2026-10-04T05:05:31.2291078Z Contents: read
compare (5)	Set up job	2026-10-04T05:05:31.2291539Z Metadata: read
compare (5)	Set up job	2026-10-04T05:05:31.2292059Z ##[endgroup]
compare (5)	Set up job	2026-10-04T05:05:31.2293839Z Secret source: Actions
compare (5)	Set up job	2026-10-04T05:05:31.2294698Z Cache mode: write
compare (5)	Set up job	2026-10-04T05:05:31.2295251Z Prepare workflow directory
compare (5)	Set up job	2026-10-04T05:05:31.2657357Z Prepare all required actions
compare (5)	Set up job	2026-10-04T05:05:31.2701477Z Getting action download info
compare (5)	Set up job	2026-10-04T05:05:31.5705575Z Download action repository 'actions/checkout@v4' (SHA:11d5960a326750d5838078e36cf38b85af677262)
compare (5)	Set up job	2026-10-04T05:05:31.9120853Z Download action repository 'actions/setup-node@v4' (SHA:49933ea5288caeca8642d1e84afbd3f7d6820020)
compare (5)	Set up job	2026-10-04T05:05:32.6217833Z Download action repository 'actions/download-artifact@v4' (SHA:d3f86a106a0bac45b974a628896c90dbdf5c8093)
compare (5)	Set up job	2026-10-04T05:05:34.1473632Z Download action repository 'actions/upload-artifact@v4' (SHA:ea165f8d65b6e75b540449e92b4886f43607fa02)
compare (5)	Set up job	2026-10-04T05:05:34.3575041Z Complete job name: compare (5)
compare (5)	Run actions/checkout@v4	﻿2026-10-04T05:05:34.4163342Z ##[group]Run actions/checkout@v4
compare (5)	Run actions/checkout@v4	2026-10-04T05:05:34.4163785Z with:
compare (5)	Run actions/checkout@v4	2026-10-04T05:05:34.4163971Z   repository: Qnia28/sfinder_wasm
compare (5)	Run actions/checkout@v4	2026-10-04T05:05:34.4166288Z   token: ***
compare (5)	Run actions/checkout@v4	2026-10-04T05:05:34.4166471Z   ssh-strict: true
compare (5)	Run actions/checkout@v4	2026-10-04T05:05:34.4166654Z   ssh-user: git
compare (5)	Run actions/checkout@v4	2026-10-04T05:05:34.4166840Z   persist-credentials: true
compare (5)	Run actions/checkout@v4	2026-10-04T05:05:34.4167037Z   clean: true
compare (5)	Run actions/checkout@v4	2026-10-04T05:05:34.4167215Z   sparse-checkout-cone-mode: true
compare (5)	Run actions/checkout@v4	2026-10-04T05:05:34.4167425Z   fetch-depth: 1
compare (5)	Run actions/checkout@v4	2026-10-04T05:05:34.4167589Z   fetch-tags: false
compare (5)	Run actions/checkout@v4	2026-10-04T05:05:34.4167772Z   show-progress: true
compare (5)	Run actions/checkout@v4	2026-10-04T05:05:34.4167943Z   lfs: false
compare (5)	Run actions/checkout@v4	2026-10-04T05:05:34.4168102Z   submodules: false
compare (5)	Run actions/checkout@v4	2026-10-04T05:05:34.4168275Z   set-safe-directory: true
compare (5)	Run actions/checkout@v4	2026-10-04T05:05:34.4168482Z   allow-unsafe-pr-checkout: false
compare (5)	Run actions/checkout@v4	2026-10-04T05:05:34.4168826Z ##[endgroup]
compare (5)	Run actions/checkout@v4	2026-10-04T05:05:34.4993734Z Syncing repository: Qnia28/sfinder_wasm
compare (5)	Run actions/checkout@v4	2026-10-04T05:05:34.4994953Z ##[group]Getting Git version info
compare (5)	Run actions/checkout@v4	2026-10-04T05:05:34.4995463Z Working directory is '/home/runner/work/sfinder_wasm/sfinder_wasm'
compare (5)	Run actions/checkout@v4	2026-10-04T05:05:34.4996118Z [command]/usr/bin/git version
compare (5)	Run actions/checkout@v4	2026-10-04T05:05:34.5052827Z git version 2.55.0
compare (5)	Run actions/checkout@v4	2026-10-04T05:05:34.5070434Z ##[endgroup]
compare (5)	Run actions/checkout@v4	2026-10-04T05:05:34.5083387Z Temporarily overriding HOME='/home/runner/work/_temp/b5e110f8-d4c9-4b2e-a673-1bbf9bf98f7b' before making global git config changes
compare (5)	Run actions/checkout@v4	2026-10-04T05:05:34.5084380Z Adding repository directory to the temporary git global config as a safe directory
compare (5)	Run actions/checkout@v4	2026-10-04T05:05:34.5088607Z [command]/usr/bin/git config --global --add safe.directory /home/runner/work/sfinder_wasm/sfinder_wasm
compare (5)	Run actions/checkout@v4	2026-10-04T05:05:34.5136037Z Deleting the contents of '/home/runner/work/sfinder_wasm/sfinder_wasm'
compare (5)	Run actions/checkout@v4	2026-10-04T05:05:34.5143716Z ##[group]Initializing the repository
compare (5)	Run actions/checkout@v4	2026-10-04T05:05:34.5144556Z [command]/usr/bin/git init /home/runner/work/sfinder_wasm/sfinder_wasm
compare (5)	Run actions/checkout@v4	2026-10-04T05:05:34.5242277Z hint: Using 'master' as the name for the initial branch. This default branch name
compare (5)	Run actions/checkout@v4	2026-10-04T05:05:34.5243274Z hint: will change to "main" in Git 3.0. To configure the initial branch name
compare (5)	Run actions/checkout@v4	2026-10-04T05:05:34.5243961Z hint: to use in all of your new repositories, which will suppress this warning,
compare (5)	Run actions/checkout@v4	2026-10-04T05:05:34.5248430Z hint: call:
compare (5)	Run actions/checkout@v4	2026-10-04T05:05:34.5248716Z hint:
compare (5)	Run actions/checkout@v4	2026-10-04T05:05:34.5249087Z hint: 	git config --global init.defaultBranch <name>
compare (5)	Run actions/checkout@v4	2026-10-04T05:05:34.5249480Z hint:
compare (5)	Run actions/checkout@v4	2026-10-04T05:05:34.5249840Z hint: Names commonly chosen instead of 'master' are 'main', 'trunk' and
compare (5)	Run actions/checkout@v4	2026-10-04T05:05:34.5250482Z hint: 'development'. The just-created branch can be renamed via this command:
compare (5)	Run actions/checkout@v4	2026-10-04T05:05:34.5250997Z hint:
compare (5)	Run actions/checkout@v4	2026-10-04T05:05:34.5251255Z hint: 	git branch -m <name>
compare (5)	Run actions/checkout@v4	2026-10-04T05:05:34.5251542Z hint:
compare (5)	Run actions/checkout@v4	2026-10-04T05:05:34.5251945Z hint: Disable this message with "git config set advice.defaultBranchName false"
compare (5)	Run actions/checkout@v4	2026-10-04T05:05:34.5252850Z Initialized empty Git repository in /home/runner/work/sfinder_wasm/sfinder_wasm/.git/
compare (5)	Run actions/checkout@v4	2026-10-04T05:05:34.5255862Z [command]/usr/bin/git remote add origin https://github.com/Qnia28/sfinder_wasm
compare (5)	Run actions/checkout@v4	2026-10-04T05:05:34.5297429Z ##[endgroup]
compare (5)	Run actions/checkout@v4	2026-10-04T05:05:34.5298049Z ##[group]Disabling automatic garbage collection
compare (5)	Run actions/checkout@v4	2026-10-04T05:05:34.5300472Z [command]/usr/bin/git config --local gc.auto 0
compare (5)	Run actions/checkout@v4	2026-10-04T05:05:34.5335459Z ##[endgroup]
compare (5)	Run actions/checkout@v4	2026-10-04T05:05:34.5336043Z ##[group]Setting up auth
compare (5)	Run actions/checkout@v4	2026-10-04T05:05:34.5343095Z [command]/usr/bin/git config --local --name-only --get-regexp core\.sshCommand
compare (5)	Run actions/checkout@v4	2026-10-04T05:05:34.5371073Z [command]/usr/bin/git submodule foreach --recursive sh -c "git config --local --name-only --get-regexp 'core\.sshCommand' && git config --local --unset-all 'core.sshCommand' || :"
compare (5)	Run actions/checkout@v4	2026-10-04T05:05:34.5697776Z [command]/usr/bin/git config --local --name-only --get-regexp http\.https\:\/\/github\.com\/\.extraheader
compare (5)	Run actions/checkout@v4	2026-10-04T05:05:34.5731525Z [command]/usr/bin/git submodule foreach --recursive sh -c "git config --local --name-only --get-regexp 'http\.https\:\/\/github\.com\/\.extraheader' && git config --local --unset-all 'http.https://github.com/.extraheader' || :"
compare (5)	Run actions/checkout@v4	2026-10-04T05:05:34.5924172Z [command]/usr/bin/git config --local --name-only --get-regexp ^includeIf\.gitdir:
compare (5)	Run actions/checkout@v4	2026-10-04T05:05:34.5953719Z [command]/usr/bin/git submodule foreach --recursive git config --local --show-origin --name-only --get-regexp remote.origin.url
compare (5)	Run actions/checkout@v4	2026-10-04T05:05:34.6141963Z [command]/usr/bin/git config --local http.https://github.com/.extraheader AUTHORIZATION: basic ***
compare (5)	Run actions/checkout@v4	2026-10-04T05:05:34.6176454Z ##[endgroup]
compare (5)	Run actions/checkout@v4	2026-10-04T05:05:34.6176974Z ##[group]Fetching the repository
compare (5)	Run actions/checkout@v4	2026-10-04T05:05:34.6183888Z [command]/usr/bin/git -c protocol.version=2 fetch --no-tags --prune --no-recurse-submodules --depth=1 origin +03ef21d61bb1dcbe2d68e54018ba64c12960b04b:refs/remotes/origin/integration/a0-m1-selectable-20261004
compare (5)	Run actions/checkout@v4	2026-10-04T05:05:36.6303489Z From https://github.com/Qnia28/sfinder_wasm
compare (5)	Run actions/checkout@v4	2026-10-04T05:05:36.6305623Z  * [new ref]         03ef21d61bb1dcbe2d68e54018ba64c12960b04b -> origin/integration/a0-m1-selectable-20261004
compare (5)	Run actions/checkout@v4	2026-10-04T05:05:36.6307480Z ##[endgroup]
compare (5)	Run actions/checkout@v4	2026-10-04T05:05:36.6307956Z ##[group]Determining the checkout info
compare (5)	Run actions/checkout@v4	2026-10-04T05:05:36.6323388Z ##[endgroup]
compare (5)	Run actions/checkout@v4	2026-10-04T05:05:36.6324150Z [command]/usr/bin/git sparse-checkout disable
compare (5)	Run actions/checkout@v4	2026-10-04T05:05:36.6363902Z [command]/usr/bin/git config --local --unset-all extensions.worktreeConfig
compare (5)	Run actions/checkout@v4	2026-10-04T05:05:36.6392270Z ##[group]Checking out the ref
compare (5)	Run actions/checkout@v4	2026-10-04T05:05:36.6396990Z [command]/usr/bin/git checkout --progress --force -B integration/a0-m1-selectable-20261004 refs/remotes/origin/integration/a0-m1-selectable-20261004
compare (5)	Run actions/checkout@v4	2026-10-04T05:05:36.7965995Z Switched to a new branch 'integration/a0-m1-selectable-20261004'
compare (5)	Run actions/checkout@v4	2026-10-04T05:05:36.7970110Z branch 'integration/a0-m1-selectable-20261004' set up to track 'origin/integration/a0-m1-selectable-20261004'.
compare (5)	Run actions/checkout@v4	2026-10-04T05:05:36.7979510Z ##[endgroup]
compare (5)	Run actions/checkout@v4	2026-10-04T05:05:36.8021324Z [command]/usr/bin/git log -1 --format=%H
compare (5)	Run actions/checkout@v4	2026-10-04T05:05:36.8045620Z 03ef21d61bb1dcbe2d68e54018ba64c12960b04b
compare (5)	Run actions/setup-node@v4	﻿2026-10-04T05:05:36.8321977Z ##[group]Run actions/setup-node@v4
compare (5)	Run actions/setup-node@v4	2026-10-04T05:05:36.8322253Z with:
compare (5)	Run actions/setup-node@v4	2026-10-04T05:05:36.8322600Z   node-version: 24.13.0
compare (5)	Run actions/setup-node@v4	2026-10-04T05:05:36.8322837Z   always-auth: false
compare (5)	Run actions/setup-node@v4	2026-10-04T05:05:36.8323004Z   check-latest: false
compare (5)	Run actions/setup-node@v4	2026-10-04T05:05:36.8325266Z   token: ***
compare (5)	Run actions/setup-node@v4	2026-10-04T05:05:36.8325436Z ##[endgroup]
compare (5)	Run actions/setup-node@v4	2026-10-04T05:05:36.9410222Z Attempting to download 24.13.0...
compare (5)	Run actions/setup-node@v4	2026-10-04T05:05:36.9493983Z (node:2075) [DEP0040] DeprecationWarning: The `punycode` module is deprecated. Please use a userland alternative instead.
compare (5)	Run actions/setup-node@v4	2026-10-04T05:05:36.9494718Z (Use `node --trace-deprecation ...` to show where the warning was created)
compare (5)	Run actions/setup-node@v4	2026-10-04T05:05:37.9460268Z Acquiring 24.13.0 - x64 from https://github.com/actions/node-versions/releases/download/24.13.0-20981653924/node-24.13.0-linux-x64.tar.gz
compare (5)	Run actions/setup-node@v4	2026-10-04T05:05:38.4492098Z Extracting ...
compare (5)	Run actions/setup-node@v4	2026-10-04T05:05:38.4590891Z [command]/usr/bin/tar xz --strip 1 --warning=no-unknown-keyword --overwrite -C /home/runner/work/_temp/8a3b9792-459c-40dd-852d-efcd6252b348 -f /home/runner/work/_temp/531c0ffb-ee7b-49a7-be46-6d1b01e7419b
compare (5)	Run actions/setup-node@v4	2026-10-04T05:05:39.4800668Z Adding to the cache ...
compare (5)	Run actions/setup-node@v4	2026-10-04T05:05:41.7770926Z ##[group]Environment details
compare (5)	Run actions/setup-node@v4	2026-10-04T05:05:41.9640861Z node: v24.13.0
compare (5)	Run actions/setup-node@v4	2026-10-04T05:05:41.9641221Z npm: 11.6.2
compare (5)	Run actions/setup-node@v4	2026-10-04T05:05:41.9641391Z yarn: 1.22.22
compare (5)	Run actions/setup-node@v4	2026-10-04T05:05:41.9653493Z ##[endgroup]
compare (5)	Run actions/download-artifact@v4	﻿2026-10-04T05:05:41.9813954Z ##[group]Run actions/download-artifact@v4
compare (5)	Run actions/download-artifact@v4	2026-10-04T05:05:41.9814205Z with:
compare (5)	Run actions/download-artifact@v4	2026-10-04T05:05:41.9814387Z   name: a0-m1-on-off-preflight
compare (5)	Run actions/download-artifact@v4	2026-10-04T05:05:41.9814591Z   path: .a0-m1-download
compare (5)	Run actions/download-artifact@v4	2026-10-04T05:05:41.9814776Z   merge-multiple: false
compare (5)	Run actions/download-artifact@v4	2026-10-04T05:05:41.9814963Z   repository: Qnia28/sfinder_wasm
compare (5)	Run actions/download-artifact@v4	2026-10-04T05:05:41.9815166Z   run-id: 37178792683
compare (5)	Run actions/download-artifact@v4	2026-10-04T05:05:41.9815352Z ##[endgroup]
compare (5)	Run actions/download-artifact@v4	2026-10-04T05:05:42.0991388Z Downloading single artifact
compare (5)	Run actions/download-artifact@v4	2026-10-04T05:05:42.1100913Z (node:2110) [DEP0040] DeprecationWarning: The `punycode` module is deprecated. Please use a userland alternative instead.
compare (5)	Run actions/download-artifact@v4	2026-10-04T05:05:42.1101735Z (Use `node --trace-deprecation ...` to show where the warning was created)
compare (5)	Run actions/download-artifact@v4	2026-10-04T05:05:42.3213306Z Preparing to download the following artifacts:
compare (5)	Run actions/download-artifact@v4	2026-10-04T05:05:42.3214815Z - a0-m1-on-off-preflight (ID: 11294581003, Size: 424658, Expected Digest: sha256:87e6401bb695636592d2d61f512d23996e72cc7f843442be11743e776cc2b8d0)
compare (5)	Run actions/download-artifact@v4	2026-10-04T05:05:42.5289388Z Redirecting to blob download url: https://productionresultssa11.blob.core.windows.net/actions-results/4297ffec-0255-8ee0-bba6-e9af8a0a0bfc/workflow-job-run-dc14e853-3c83-5243-80d5-0ca48845ea80/artifacts/42fca3d34ccca3badc4e3d517d40c04ed3ebd9992e70720a6ebc2028c153a759.zip
compare (5)	Run actions/download-artifact@v4	2026-10-04T05:05:42.5291577Z Starting download of artifact to: /home/runner/work/sfinder_wasm/sfinder_wasm/.a0-m1-download
compare (5)	Run actions/download-artifact@v4	2026-10-04T05:05:42.7496079Z (node:2110) [DEP0005] DeprecationWarning: Buffer() is deprecated due to security and usability issues. Please use the Buffer.alloc(), Buffer.allocUnsafe(), or Buffer.from() methods instead.
compare (5)	Run actions/download-artifact@v4	2026-10-04T05:05:43.0079977Z SHA256 digest of downloaded artifact is 87e6401bb695636592d2d61f512d23996e72cc7f843442be11743e776cc2b8d0
compare (5)	Run actions/download-artifact@v4	2026-10-04T05:05:43.0080817Z Artifact download completed successfully.
compare (5)	Run actions/download-artifact@v4	2026-10-04T05:05:43.0083860Z Total of 1 artifact(s) downloaded
compare (5)	Run actions/download-artifact@v4	2026-10-04T05:05:43.0087070Z Download artifact has finished successfully
compare (5)	Restore locked Linux bytes, not per-host rebuilds	﻿2026-10-04T05:05:43.0466959Z ##[group]Run mkdir -p .a0-m1-comparison
compare (5)	Restore locked Linux bytes, not per-host rebuilds	2026-10-04T05:05:43.0467317Z ^[[36;1mmkdir -p .a0-m1-comparison^[[0m
compare (5)	Restore locked Linux bytes, not per-host rebuilds	2026-10-04T05:05:43.0467674Z ^[[36;1mcp .a0-m1-download/.a0-m1-comparison/{ORIGIN,LOCK}.json .a0-m1-comparison/^[[0m
compare (5)	Restore locked Linux bytes, not per-host rebuilds	2026-10-04T05:05:43.0468046Z ^[[36;1mcp .a0-m1-download/wasm/*.wasm wasm/^[[0m
compare (5)	Restore locked Linux bytes, not per-host rebuilds	2026-10-04T05:05:43.0468297Z ^[[36;1mnpm ci --ignore-scripts^[[0m
compare (5)	Restore locked Linux bytes, not per-host rebuilds	2026-10-04T05:05:43.0842830Z shell: /usr/bin/bash -e {0}
compare (5)	Restore locked Linux bytes, not per-host rebuilds	2026-10-04T05:05:43.0843080Z ##[endgroup]
compare (5)	Restore locked Linux bytes, not per-host rebuilds	2026-10-04T05:05:43.5105982Z 
compare (5)	Restore locked Linux bytes, not per-host rebuilds	2026-10-04T05:05:43.5106897Z added 1 package, and audited 2 packages in 376ms
compare (5)	Restore locked Linux bytes, not per-host rebuilds	2026-10-04T05:05:43.5111881Z 
compare (5)	Restore locked Linux bytes, not per-host rebuilds	2026-10-04T05:05:43.5112598Z found 0 vulnerabilities
compare (5)	Run frozen adjacent100pairs/full requests on this host	﻿2026-10-04T05:05:43.5456521Z ##[group]Run group=/sys/fs/cgroup/a0-m1-compare-$GITHUB_RUN_ID-5
compare (5)	Run frozen adjacent100pairs/full requests on this host	2026-10-04T05:05:43.5456912Z ^[[36;1mgroup=/sys/fs/cgroup/a0-m1-compare-$GITHUB_RUN_ID-5^[[0m
compare (5)	Run frozen adjacent100pairs/full requests on this host	2026-10-04T05:05:43.5457198Z ^[[36;1msudo mkdir "$group"^[[0m
compare (5)	Run frozen adjacent100pairs/full requests on this host	2026-10-04T05:05:43.5457468Z ^[[36;1mecho '+memory' | sudo tee "$group/cgroup.subtree_control"^[[0m
compare (5)	Run frozen adjacent100pairs/full requests on this host	2026-10-04T05:05:43.5457844Z ^[[36;1mA0_CGROUP_ROOT="$group" node experiments/a0-m1-on-off-20261004/run.mjs 5^[[0m
compare (5)	Run frozen adjacent100pairs/full requests on this host	2026-10-04T05:05:43.5513192Z shell: /usr/bin/bash -e {0}
compare (5)	Run frozen adjacent100pairs/full requests on this host	2026-10-04T05:05:43.5513410Z ##[endgroup]
compare (5)	Run frozen adjacent100pairs/full requests on this host	2026-10-04T05:05:43.5697179Z +memory
compare (5)	Run frozen adjacent100pairs/full requests on this host	2026-10-04T05:05:54.5781513Z ##[error]Process completed with exit code 1.
compare (5)	Run actions/upload-artifact@v4	﻿2026-10-04T05:05:54.5839771Z ##[group]Run actions/upload-artifact@v4
compare (5)	Run actions/upload-artifact@v4	2026-10-04T05:05:54.5840016Z with:
compare (5)	Run actions/upload-artifact@v4	2026-10-04T05:05:54.5840199Z   name: a0-m1-on-off-host-5
compare (5)	Run actions/upload-artifact@v4	2026-10-04T05:05:54.5840408Z   path: .a0-m1-comparison/results/
compare (5)	Run actions/upload-artifact@v4	2026-10-04T05:05:54.5840630Z   include-hidden-files: true
compare (5)	Run actions/upload-artifact@v4	2026-10-04T05:05:54.5840838Z   if-no-files-found: error
compare (5)	Run actions/upload-artifact@v4	2026-10-04T05:05:54.5841050Z   retention-days: 7
compare (5)	Run actions/upload-artifact@v4	2026-10-04T05:05:54.5841224Z   compression-level: 6
compare (5)	Run actions/upload-artifact@v4	2026-10-04T05:05:54.5841404Z   overwrite: false
compare (5)	Run actions/upload-artifact@v4	2026-10-04T05:05:54.5841574Z ##[endgroup]
compare (5)	Run actions/upload-artifact@v4	2026-10-04T05:05:54.7192298Z (node:2798) [DEP0040] DeprecationWarning: The `punycode` module is deprecated. Please use a userland alternative instead.
compare (5)	Run actions/upload-artifact@v4	2026-10-04T05:05:54.7193117Z (Use `node --trace-deprecation ...` to show where the warning was created)
compare (5)	Run actions/upload-artifact@v4	2026-10-04T05:05:54.7248434Z With the provided path, there will be 5 files uploaded
compare (5)	Run actions/upload-artifact@v4	2026-10-04T05:05:54.7252638Z Artifact name is valid!
compare (5)	Run actions/upload-artifact@v4	2026-10-04T05:05:54.7253409Z Root directory input is valid!
compare (5)	Run actions/upload-artifact@v4	2026-10-04T05:05:55.0591325Z Beginning upload of artifact content to blob storage
compare (5)	Run actions/upload-artifact@v4	2026-10-04T05:05:55.0822100Z (node:2798) [DEP0169] DeprecationWarning: `url.parse()` behavior is not standardized and prone to errors that have security implications. Use the WHATWG URL API instead. CVEs are not issued for `url.parse()` vulnerabilities.
compare (5)	Run actions/upload-artifact@v4	2026-10-04T05:05:55.4071534Z Uploaded bytes 68386
compare (5)	Run actions/upload-artifact@v4	2026-10-04T05:05:55.4694599Z Finished uploading artifact content to blob storage!
compare (5)	Run actions/upload-artifact@v4	2026-10-04T05:05:55.4695497Z SHA256 digest of uploaded artifact zip is 937ef186328fb9640b3cd76d1e67664444eb30fb5e826e05894477e0892391c3
compare (5)	Run actions/upload-artifact@v4	2026-10-04T05:05:55.4696261Z Finalizing artifact upload
compare (5)	Run actions/upload-artifact@v4	2026-10-04T05:05:55.7103641Z Artifact a0-m1-on-off-host-5.zip successfully finalized. Artifact ID 11294411220
compare (5)	Run actions/upload-artifact@v4	2026-10-04T05:05:55.7104356Z Artifact a0-m1-on-off-host-5 has been successfully uploaded! Final size is 68386 bytes. Artifact ID is 11294411220
compare (5)	Run actions/upload-artifact@v4	2026-10-04T05:05:55.7105086Z Artifact download URL: https://github.com/Qnia28/sfinder_wasm/actions/runs/37178792683/artifacts/11294411220
compare (5)	Post Run actions/checkout@v4	﻿2026-10-04T05:05:55.7276201Z Post job cleanup.
compare (5)	Post Run actions/checkout@v4	2026-10-04T05:05:55.7960493Z [command]/usr/bin/git version
compare (5)	Post Run actions/checkout@v4	2026-10-04T05:05:55.7994557Z git version 2.55.0
compare (5)	Post Run actions/checkout@v4	2026-10-04T05:05:55.8025091Z Temporarily overriding HOME='/home/runner/work/_temp/fce6061e-9083-4c92-86f0-f7b185723e02' before making global git config changes
compare (5)	Post Run actions/checkout@v4	2026-10-04T05:05:55.8026486Z Adding repository directory to the temporary git global config as a safe directory
compare (5)	Post Run actions/checkout@v4	2026-10-04T05:05:55.8030815Z [command]/usr/bin/git config --global --add safe.directory /home/runner/work/sfinder_wasm/sfinder_wasm
compare (5)	Post Run actions/checkout@v4	2026-10-04T05:05:55.8063542Z [command]/usr/bin/git config --local --name-only --get-regexp core\.sshCommand
compare (5)	Post Run actions/checkout@v4	2026-10-04T05:05:55.8092746Z [command]/usr/bin/git submodule foreach --recursive sh -c "git config --local --name-only --get-regexp 'core\.sshCommand' && git config --local --unset-all 'core.sshCommand' || :"
compare (5)	Post Run actions/checkout@v4	2026-10-04T05:05:55.8299258Z [command]/usr/bin/git config --local --name-only --get-regexp http\.https\:\/\/github\.com\/\.extraheader
compare (5)	Post Run actions/checkout@v4	2026-10-04T05:05:55.8324570Z http.https://github.com/.extraheader
compare (5)	Post Run actions/checkout@v4	2026-10-04T05:05:55.8341617Z [command]/usr/bin/git config --local --unset-all http.https://github.com/.extraheader
compare (5)	Post Run actions/checkout@v4	2026-10-04T05:05:55.8402608Z [command]/usr/bin/git submodule foreach --recursive sh -c "git config --local --name-only --get-regexp 'http\.https\:\/\/github\.com\/\.extraheader' && git config --local --unset-all 'http.https://github.com/.extraheader' || :"
compare (5)	Post Run actions/checkout@v4	2026-10-04T05:05:55.8609386Z [command]/usr/bin/git config --local --name-only --get-regexp ^includeIf\.gitdir:
compare (5)	Post Run actions/checkout@v4	2026-10-04T05:05:55.8643583Z [command]/usr/bin/git submodule foreach --recursive git config --local --show-origin --name-only --get-regexp remote.origin.url
compare (5)	Complete job	﻿2026-10-04T05:05:55.9048923Z Cleaning up orphan processes
compare (5)	Complete job	2026-10-04T05:05:55.9358238Z ##[warning]Node.js 20 is deprecated. The following actions target Node.js 20 but are being forced to run on Node.js 24: actions/checkout@v4, actions/download-artifact@v4, actions/setup-node@v4, actions/upload-artifact@v4. For more information see: https://github.blog/changelog/2025-09-19-deprecation-of-node-20-on-github-actions-runners/
compare (8)	Set up job	﻿2026-10-04T05:05:31.2202336Z Current runner version: '2.337.0'
compare (8)	Set up job	2026-10-04T05:05:31.2238735Z ##[group]Runner Image Provisioner
compare (8)	Set up job	2026-10-04T05:05:31.2240170Z Hosted Compute Agent
compare (8)	Set up job	2026-10-04T05:05:31.2241412Z Version: 20260901.588
compare (8)	Set up job	2026-10-04T05:05:31.2242523Z Commit: f88ec8081b781fac6c440065ac7ff9e710ce3d0b
compare (8)	Set up job	2026-10-04T05:05:31.2244703Z Build Date: 2026-09-01T19:56:44Z
compare (8)	Set up job	2026-10-04T05:05:31.2245932Z Worker ID: {c4e08da3-62ec-4070-8849-af2720213f33}
compare (8)	Set up job	2026-10-04T05:05:31.2247286Z Azure Region: eastus2
compare (8)	Set up job	2026-10-04T05:05:31.2248303Z ##[endgroup]
compare (8)	Set up job	2026-10-04T05:05:31.2250861Z ##[group]Operating System
compare (8)	Set up job	2026-10-04T05:05:31.2252131Z Ubuntu
compare (8)	Set up job	2026-10-04T05:05:31.2253058Z 24.04.5
compare (8)	Set up job	2026-10-04T05:05:31.2254064Z LTS
compare (8)	Set up job	2026-10-04T05:05:31.2255299Z ##[endgroup]
compare (8)	Set up job	2026-10-04T05:05:31.2256296Z ##[group]Runner Image
compare (8)	Set up job	2026-10-04T05:05:31.2257625Z Image: ubuntu-24.04
compare (8)	Set up job	2026-10-04T05:05:31.2258694Z Version: 20260927.320.1
compare (8)	Set up job	2026-10-04T05:05:31.2260816Z Included Software: https://github.com/actions/runner-images/blob/ubuntu24/20260927.320/images/ubuntu/Ubuntu2404-Readme.md
compare (8)	Set up job	2026-10-04T05:05:31.2264038Z Image Release: https://github.com/actions/runner-images/releases/tag/ubuntu24%2F20260927.320
compare (8)	Set up job	2026-10-04T05:05:31.2266118Z ##[endgroup]
compare (8)	Set up job	2026-10-04T05:05:31.2268373Z ##[group]GITHUB_TOKEN Permissions
compare (8)	Set up job	2026-10-04T05:05:31.2271432Z Actions: read
compare (8)	Set up job	2026-10-04T05:05:31.2272460Z Contents: read
compare (8)	Set up job	2026-10-04T05:05:31.2273488Z Metadata: read
compare (8)	Set up job	2026-10-04T05:05:31.2274736Z ##[endgroup]
compare (8)	Set up job	2026-10-04T05:05:31.2277911Z Secret source: Actions
compare (8)	Set up job	2026-10-04T05:05:31.2279526Z Cache mode: write
compare (8)	Set up job	2026-10-04T05:05:31.2280991Z Prepare workflow directory
compare (8)	Set up job	2026-10-04T05:05:31.2774503Z Prepare all required actions
compare (8)	Set up job	2026-10-04T05:05:31.2848565Z Getting action download info
compare (8)	Set up job	2026-10-04T05:05:31.4796246Z Download action repository 'actions/checkout@v4' (SHA:11d5960a326750d5838078e36cf38b85af677262)
compare (8)	Set up job	2026-10-04T05:05:31.5812053Z Download action repository 'actions/setup-node@v4' (SHA:49933ea5288caeca8642d1e84afbd3f7d6820020)
compare (8)	Set up job	2026-10-04T05:05:31.6655295Z Download action repository 'actions/download-artifact@v4' (SHA:d3f86a106a0bac45b974a628896c90dbdf5c8093)
compare (8)	Set up job	2026-10-04T05:05:31.8773321Z Download action repository 'actions/upload-artifact@v4' (SHA:ea165f8d65b6e75b540449e92b4886f43607fa02)
compare (8)	Set up job	2026-10-04T05:05:32.0908691Z Complete job name: compare (8)
compare (8)	Run actions/checkout@v4	﻿2026-10-04T05:05:32.1659655Z ##[group]Run actions/checkout@v4
compare (8)	Run actions/checkout@v4	2026-10-04T05:05:32.1660538Z with:
compare (8)	Run actions/checkout@v4	2026-10-04T05:05:32.1660993Z   repository: Qnia28/sfinder_wasm
compare (8)	Run actions/checkout@v4	2026-10-04T05:05:32.1665248Z   token: ***
compare (8)	Run actions/checkout@v4	2026-10-04T05:05:32.1665685Z   ssh-strict: true
compare (8)	Run actions/checkout@v4	2026-10-04T05:05:32.1666111Z   ssh-user: git
compare (8)	Run actions/checkout@v4	2026-10-04T05:05:32.1666555Z   persist-credentials: true
compare (8)	Run actions/checkout@v4	2026-10-04T05:05:32.1667046Z   clean: true
compare (8)	Run actions/checkout@v4	2026-10-04T05:05:32.1667488Z   sparse-checkout-cone-mode: true
compare (8)	Run actions/checkout@v4	2026-10-04T05:05:32.1668004Z   fetch-depth: 1
compare (8)	Run actions/checkout@v4	2026-10-04T05:05:32.1668433Z   fetch-tags: false
compare (8)	Run actions/checkout@v4	2026-10-04T05:05:32.1668890Z   show-progress: true
compare (8)	Run actions/checkout@v4	2026-10-04T05:05:32.1669324Z   lfs: false
compare (8)	Run actions/checkout@v4	2026-10-04T05:05:32.1669722Z   submodules: false
compare (8)	Run actions/checkout@v4	2026-10-04T05:05:32.1670155Z   set-safe-directory: true
compare (8)	Run actions/checkout@v4	2026-10-04T05:05:32.1670646Z   allow-unsafe-pr-checkout: false
compare (8)	Run actions/checkout@v4	2026-10-04T05:05:32.1671494Z ##[endgroup]
compare (8)	Run actions/checkout@v4	2026-10-04T05:05:32.2781742Z Syncing repository: Qnia28/sfinder_wasm
compare (8)	Run actions/checkout@v4	2026-10-04T05:05:32.2784585Z ##[group]Getting Git version info
compare (8)	Run actions/checkout@v4	2026-10-04T05:05:32.2785820Z Working directory is '/home/runner/work/sfinder_wasm/sfinder_wasm'
compare (8)	Run actions/checkout@v4	2026-10-04T05:05:32.2807064Z [command]/usr/bin/git version
compare (8)	Run actions/checkout@v4	2026-10-04T05:05:32.2936475Z git version 2.55.0
compare (8)	Run actions/checkout@v4	2026-10-04T05:05:32.2968836Z ##[endgroup]
compare (8)	Run actions/checkout@v4	2026-10-04T05:05:32.2991401Z Temporarily overriding HOME='/home/runner/work/_temp/b8aaa7f6-542b-451d-b3bc-d4cd331335ea' before making global git config changes
compare (8)	Run actions/checkout@v4	2026-10-04T05:05:32.3005180Z Adding repository directory to the temporary git global config as a safe directory
compare (8)	Run actions/checkout@v4	2026-10-04T05:05:32.3007433Z [command]/usr/bin/git config --global --add safe.directory /home/runner/work/sfinder_wasm/sfinder_wasm
compare (8)	Run actions/checkout@v4	2026-10-04T05:05:32.3078229Z Deleting the contents of '/home/runner/work/sfinder_wasm/sfinder_wasm'
compare (8)	Run actions/checkout@v4	2026-10-04T05:05:32.3092899Z ##[group]Initializing the repository
compare (8)	Run actions/checkout@v4	2026-10-04T05:05:32.3101961Z [command]/usr/bin/git init /home/runner/work/sfinder_wasm/sfinder_wasm
compare (8)	Run actions/checkout@v4	2026-10-04T05:05:32.3220116Z hint: Using 'master' as the name for the initial branch. This default branch name
compare (8)	Run actions/checkout@v4	2026-10-04T05:05:32.3235571Z hint: will change to "main" in Git 3.0. To configure the initial branch name
compare (8)	Run actions/checkout@v4	2026-10-04T05:05:32.3237208Z hint: to use in all of your new repositories, which will suppress this warning,
compare (8)	Run actions/checkout@v4	2026-10-04T05:05:32.3238414Z hint: call:
compare (8)	Run actions/checkout@v4	2026-10-04T05:05:32.3239089Z hint:
compare (8)	Run actions/checkout@v4	2026-10-04T05:05:32.3239634Z hint: 	git config --global init.defaultBranch <name>
compare (8)	Run actions/checkout@v4	2026-10-04T05:05:32.3240998Z hint:
compare (8)	Run actions/checkout@v4	2026-10-04T05:05:32.3241934Z hint: Names commonly chosen instead of 'master' are 'main', 'trunk' and
compare (8)	Run actions/checkout@v4	2026-10-04T05:05:32.3243438Z hint: 'development'. The just-created branch can be renamed via this command:
compare (8)	Run actions/checkout@v4	2026-10-04T05:05:32.3244927Z hint:
compare (8)	Run actions/checkout@v4	2026-10-04T05:05:32.3245613Z hint: 	git branch -m <name>
compare (8)	Run actions/checkout@v4	2026-10-04T05:05:32.3246359Z hint:
compare (8)	Run actions/checkout@v4	2026-10-04T05:05:32.3247353Z hint: Disable this message with "git config set advice.defaultBranchName false"
compare (8)	Run actions/checkout@v4	2026-10-04T05:05:32.3249076Z Initialized empty Git repository in /home/runner/work/sfinder_wasm/sfinder_wasm/.git/
compare (8)	Run actions/checkout@v4	2026-10-04T05:05:32.3251883Z [command]/usr/bin/git remote add origin https://github.com/Qnia28/sfinder_wasm
compare (8)	Run actions/checkout@v4	2026-10-04T05:05:32.3286943Z ##[endgroup]
compare (8)	Run actions/checkout@v4	2026-10-04T05:05:32.3288297Z ##[group]Disabling automatic garbage collection
compare (8)	Run actions/checkout@v4	2026-10-04T05:05:32.3289115Z [command]/usr/bin/git config --local gc.auto 0
compare (8)	Run actions/checkout@v4	2026-10-04T05:05:32.3322559Z ##[endgroup]
compare (8)	Run actions/checkout@v4	2026-10-04T05:05:32.3323941Z ##[group]Setting up auth
compare (8)	Run actions/checkout@v4	2026-10-04T05:05:32.3330321Z [command]/usr/bin/git config --local --name-only --get-regexp core\.sshCommand
compare (8)	Run actions/checkout@v4	2026-10-04T05:05:32.3361362Z [command]/usr/bin/git submodule foreach --recursive sh -c "git config --local --name-only --get-regexp 'core\.sshCommand' && git config --local --unset-all 'core.sshCommand' || :"
compare (8)	Run actions/checkout@v4	2026-10-04T05:05:32.3718232Z [command]/usr/bin/git config --local --name-only --get-regexp http\.https\:\/\/github\.com\/\.extraheader
compare (8)	Run actions/checkout@v4	2026-10-04T05:05:32.3756516Z [command]/usr/bin/git submodule foreach --recursive sh -c "git config --local --name-only --get-regexp 'http\.https\:\/\/github\.com\/\.extraheader' && git config --local --unset-all 'http.https://github.com/.extraheader' || :"
compare (8)	Run actions/checkout@v4	2026-10-04T05:05:32.3982164Z [command]/usr/bin/git config --local --name-only --get-regexp ^includeIf\.gitdir:
compare (8)	Run actions/checkout@v4	2026-10-04T05:05:32.4018680Z [command]/usr/bin/git submodule foreach --recursive git config --local --show-origin --name-only --get-regexp remote.origin.url
compare (8)	Run actions/checkout@v4	2026-10-04T05:05:32.4245401Z [command]/usr/bin/git config --local http.https://github.com/.extraheader AUTHORIZATION: basic ***
compare (8)	Run actions/checkout@v4	2026-10-04T05:05:32.4286939Z ##[endgroup]
compare (8)	Run actions/checkout@v4	2026-10-04T05:05:32.4287838Z ##[group]Fetching the repository
compare (8)	Run actions/checkout@v4	2026-10-04T05:05:32.4297487Z [command]/usr/bin/git -c protocol.version=2 fetch --no-tags --prune --no-recurse-submodules --depth=1 origin +03ef21d61bb1dcbe2d68e54018ba64c12960b04b:refs/remotes/origin/integration/a0-m1-selectable-20261004
compare (8)	Run actions/checkout@v4	2026-10-04T05:05:33.4411482Z From https://github.com/Qnia28/sfinder_wasm
compare (8)	Run actions/checkout@v4	2026-10-04T05:05:33.4414556Z  * [new ref]         03ef21d61bb1dcbe2d68e54018ba64c12960b04b -> origin/integration/a0-m1-selectable-20261004
compare (8)	Run actions/checkout@v4	2026-10-04T05:05:33.4420818Z ##[endgroup]
compare (8)	Run actions/checkout@v4	2026-10-04T05:05:33.4423031Z ##[group]Determining the checkout info
compare (8)	Run actions/checkout@v4	2026-10-04T05:05:33.4425624Z ##[endgroup]
compare (8)	Run actions/checkout@v4	2026-10-04T05:05:33.4427108Z [command]/usr/bin/git sparse-checkout disable
compare (8)	Run actions/checkout@v4	2026-10-04T05:05:33.4482199Z [command]/usr/bin/git config --local --unset-all extensions.worktreeConfig
compare (8)	Run actions/checkout@v4	2026-10-04T05:05:33.4515094Z ##[group]Checking out the ref
compare (8)	Run actions/checkout@v4	2026-10-04T05:05:33.4522183Z [command]/usr/bin/git checkout --progress --force -B integration/a0-m1-selectable-20261004 refs/remotes/origin/integration/a0-m1-selectable-20261004
compare (8)	Run actions/checkout@v4	2026-10-04T05:05:33.6373380Z Switched to a new branch 'integration/a0-m1-selectable-20261004'
compare (8)	Run actions/checkout@v4	2026-10-04T05:05:33.6378908Z branch 'integration/a0-m1-selectable-20261004' set up to track 'origin/integration/a0-m1-selectable-20261004'.
compare (8)	Run actions/checkout@v4	2026-10-04T05:05:33.6390364Z ##[endgroup]
compare (8)	Run actions/checkout@v4	2026-10-04T05:05:33.6437821Z [command]/usr/bin/git log -1 --format=%H
compare (8)	Run actions/checkout@v4	2026-10-04T05:05:33.6469886Z 03ef21d61bb1dcbe2d68e54018ba64c12960b04b
compare (8)	Run actions/setup-node@v4	﻿2026-10-04T05:05:33.6923058Z ##[group]Run actions/setup-node@v4
compare (8)	Run actions/setup-node@v4	2026-10-04T05:05:33.6924297Z with:
compare (8)	Run actions/setup-node@v4	2026-10-04T05:05:33.6925060Z   node-version: 24.13.0
compare (8)	Run actions/setup-node@v4	2026-10-04T05:05:33.6925944Z   always-auth: false
compare (8)	Run actions/setup-node@v4	2026-10-04T05:05:33.6926792Z   check-latest: false
compare (8)	Run actions/setup-node@v4	2026-10-04T05:05:33.6935959Z   token: ***
compare (8)	Run actions/setup-node@v4	2026-10-04T05:05:33.6936730Z ##[endgroup]
compare (8)	Run actions/setup-node@v4	2026-10-04T05:05:33.8313577Z Attempting to download 24.13.0...
compare (8)	Run actions/setup-node@v4	2026-10-04T05:05:33.8422712Z (node:2287) [DEP0040] DeprecationWarning: The `punycode` module is deprecated. Please use a userland alternative instead.
compare (8)	Run actions/setup-node@v4	2026-10-04T05:05:33.8426135Z (Use `node --trace-deprecation ...` to show where the warning was created)
compare (8)	Run actions/setup-node@v4	2026-10-04T05:05:34.4647082Z Acquiring 24.13.0 - x64 from https://github.com/actions/node-versions/releases/download/24.13.0-20981653924/node-24.13.0-linux-x64.tar.gz
compare (8)	Run actions/setup-node@v4	2026-10-04T05:05:34.9133593Z Extracting ...
compare (8)	Run actions/setup-node@v4	2026-10-04T05:05:34.9257005Z [command]/usr/bin/tar xz --strip 1 --warning=no-unknown-keyword --overwrite -C /home/runner/work/_temp/0678fee5-85ef-40dc-beea-c04238392177 -f /home/runner/work/_temp/6ad8bc9a-72f6-40a2-a403-33ed426adcff
compare (8)	Run actions/setup-node@v4	2026-10-04T05:05:36.1361127Z Adding to the cache ...
compare (8)	Run actions/setup-node@v4	2026-10-04T05:05:38.2205324Z ##[group]Environment details
compare (8)	Run actions/setup-node@v4	2026-10-04T05:05:38.4502445Z node: v24.13.0
compare (8)	Run actions/setup-node@v4	2026-10-04T05:05:38.4503136Z npm: 11.6.2
compare (8)	Run actions/setup-node@v4	2026-10-04T05:05:38.4525104Z yarn: 1.22.22
compare (8)	Run actions/setup-node@v4	2026-10-04T05:05:38.4535620Z ##[endgroup]
compare (8)	Run actions/download-artifact@v4	﻿2026-10-04T05:05:38.4722943Z ##[group]Run actions/download-artifact@v4
compare (8)	Run actions/download-artifact@v4	2026-10-04T05:05:38.4723281Z with:
compare (8)	Run actions/download-artifact@v4	2026-10-04T05:05:38.4723515Z   name: a0-m1-on-off-preflight
compare (8)	Run actions/download-artifact@v4	2026-10-04T05:05:38.4723776Z   path: .a0-m1-download
compare (8)	Run actions/download-artifact@v4	2026-10-04T05:05:38.4724007Z   merge-multiple: false
compare (8)	Run actions/download-artifact@v4	2026-10-04T05:05:38.4724541Z   repository: Qnia28/sfinder_wasm
compare (8)	Run actions/download-artifact@v4	2026-10-04T05:05:38.4724826Z   run-id: 37178792683
compare (8)	Run actions/download-artifact@v4	2026-10-04T05:05:38.4725049Z ##[endgroup]
compare (8)	Run actions/download-artifact@v4	2026-10-04T05:05:38.6221658Z Downloading single artifact
compare (8)	Run actions/download-artifact@v4	2026-10-04T05:05:38.6367303Z (node:2322) [DEP0040] DeprecationWarning: The `punycode` module is deprecated. Please use a userland alternative instead.
compare (8)	Run actions/download-artifact@v4	2026-10-04T05:05:38.6368880Z (Use `node --trace-deprecation ...` to show where the warning was created)
compare (8)	Run actions/download-artifact@v4	2026-10-04T05:05:38.7425201Z Preparing to download the following artifacts:
compare (8)	Run actions/download-artifact@v4	2026-10-04T05:05:38.7426949Z - a0-m1-on-off-preflight (ID: 11294581003, Size: 424658, Expected Digest: sha256:87e6401bb695636592d2d61f512d23996e72cc7f843442be11743e776cc2b8d0)
compare (8)	Run actions/download-artifact@v4	2026-10-04T05:05:38.9867426Z Redirecting to blob download url: https://productionresultssa11.blob.core.windows.net/actions-results/4297ffec-0255-8ee0-bba6-e9af8a0a0bfc/workflow-job-run-dc14e853-3c83-5243-80d5-0ca48845ea80/artifacts/42fca3d34ccca3badc4e3d517d40c04ed3ebd9992e70720a6ebc2028c153a759.zip
compare (8)	Run actions/download-artifact@v4	2026-10-04T05:05:38.9870684Z Starting download of artifact to: /home/runner/work/sfinder_wasm/sfinder_wasm/.a0-m1-download
compare (8)	Run actions/download-artifact@v4	2026-10-04T05:05:39.0655012Z (node:2322) [DEP0005] DeprecationWarning: Buffer() is deprecated due to security and usability issues. Please use the Buffer.alloc(), Buffer.allocUnsafe(), or Buffer.from() methods instead.
compare (8)	Run actions/download-artifact@v4	2026-10-04T05:05:39.1010941Z SHA256 digest of downloaded artifact is 87e6401bb695636592d2d61f512d23996e72cc7f843442be11743e776cc2b8d0
compare (8)	Run actions/download-artifact@v4	2026-10-04T05:05:39.1011969Z Artifact download completed successfully.
compare (8)	Run actions/download-artifact@v4	2026-10-04T05:05:39.1012712Z Total of 1 artifact(s) downloaded
compare (8)	Run actions/download-artifact@v4	2026-10-04T05:05:39.1019353Z Download artifact has finished successfully
compare (8)	Restore locked Linux bytes, not per-host rebuilds	﻿2026-10-04T05:05:39.1157108Z ##[group]Run mkdir -p .a0-m1-comparison
compare (8)	Restore locked Linux bytes, not per-host rebuilds	2026-10-04T05:05:39.1157545Z ^[[36;1mmkdir -p .a0-m1-comparison^[[0m
compare (8)	Restore locked Linux bytes, not per-host rebuilds	2026-10-04T05:05:39.1157993Z ^[[36;1mcp .a0-m1-download/.a0-m1-comparison/{ORIGIN,LOCK}.json .a0-m1-comparison/^[[0m
compare (8)	Restore locked Linux bytes, not per-host rebuilds	2026-10-04T05:05:39.1158477Z ^[[36;1mcp .a0-m1-download/wasm/*.wasm wasm/^[[0m
compare (8)	Restore locked Linux bytes, not per-host rebuilds	2026-10-04T05:05:39.1158795Z ^[[36;1mnpm ci --ignore-scripts^[[0m
compare (8)	Restore locked Linux bytes, not per-host rebuilds	2026-10-04T05:05:39.1412761Z shell: /usr/bin/bash -e {0}
compare (8)	Restore locked Linux bytes, not per-host rebuilds	2026-10-04T05:05:39.1413071Z ##[endgroup]
compare (8)	Restore locked Linux bytes, not per-host rebuilds	2026-10-04T05:05:39.6217523Z 
compare (8)	Restore locked Linux bytes, not per-host rebuilds	2026-10-04T05:05:39.6218922Z added 1 package, and audited 2 packages in 417ms
compare (8)	Restore locked Linux bytes, not per-host rebuilds	2026-10-04T05:05:39.6226483Z 
compare (8)	Restore locked Linux bytes, not per-host rebuilds	2026-10-04T05:05:39.6246327Z found 0 vulnerabilities
compare (8)	Run frozen adjacent100pairs/full requests on this host	﻿2026-10-04T05:05:39.6665354Z ##[group]Run group=/sys/fs/cgroup/a0-m1-compare-$GITHUB_RUN_ID-8
compare (8)	Run frozen adjacent100pairs/full requests on this host	2026-10-04T05:05:39.6665984Z ^[[36;1mgroup=/sys/fs/cgroup/a0-m1-compare-$GITHUB_RUN_ID-8^[[0m
compare (8)	Run frozen adjacent100pairs/full requests on this host	2026-10-04T05:05:39.6666356Z ^[[36;1msudo mkdir "$group"^[[0m
compare (8)	Run frozen adjacent100pairs/full requests on this host	2026-10-04T05:05:39.6666692Z ^[[36;1mecho '+memory' | sudo tee "$group/cgroup.subtree_control"^[[0m
compare (8)	Run frozen adjacent100pairs/full requests on this host	2026-10-04T05:05:39.6667186Z ^[[36;1mA0_CGROUP_ROOT="$group" node experiments/a0-m1-on-off-20261004/run.mjs 8^[[0m
compare (8)	Run frozen adjacent100pairs/full requests on this host	2026-10-04T05:05:39.6732547Z shell: /usr/bin/bash -e {0}
compare (8)	Run frozen adjacent100pairs/full requests on this host	2026-10-04T05:05:39.6732815Z ##[endgroup]
compare (8)	Run frozen adjacent100pairs/full requests on this host	2026-10-04T05:05:39.6950359Z +memory
compare (8)	Run frozen adjacent100pairs/full requests on this host	2026-10-04T05:05:53.4719352Z ##[error]Process completed with exit code 1.
compare (8)	Run actions/upload-artifact@v4	﻿2026-10-04T05:05:53.4790940Z ##[group]Run actions/upload-artifact@v4
compare (8)	Run actions/upload-artifact@v4	2026-10-04T05:05:53.4791275Z with:
compare (8)	Run actions/upload-artifact@v4	2026-10-04T05:05:53.4791503Z   name: a0-m1-on-off-host-8
compare (8)	Run actions/upload-artifact@v4	2026-10-04T05:05:53.4791779Z   path: .a0-m1-comparison/results/
compare (8)	Run actions/upload-artifact@v4	2026-10-04T05:05:53.4792077Z   include-hidden-files: true
compare (8)	Run actions/upload-artifact@v4	2026-10-04T05:05:53.4792346Z   if-no-files-found: error
compare (8)	Run actions/upload-artifact@v4	2026-10-04T05:05:53.4792622Z   retention-days: 7
compare (8)	Run actions/upload-artifact@v4	2026-10-04T05:05:53.4792853Z   compression-level: 6
compare (8)	Run actions/upload-artifact@v4	2026-10-04T05:05:53.4793086Z   overwrite: false
compare (8)	Run actions/upload-artifact@v4	2026-10-04T05:05:53.4793306Z ##[endgroup]
compare (8)	Run actions/upload-artifact@v4	2026-10-04T05:05:53.6439061Z (node:3036) [DEP0040] DeprecationWarning: The `punycode` module is deprecated. Please use a userland alternative instead.
compare (8)	Run actions/upload-artifact@v4	2026-10-04T05:05:53.6439964Z (Use `node --trace-deprecation ...` to show where the warning was created)
compare (8)	Run actions/upload-artifact@v4	2026-10-04T05:05:53.6515748Z With the provided path, there will be 5 files uploaded
compare (8)	Run actions/upload-artifact@v4	2026-10-04T05:05:53.6516740Z Artifact name is valid!
compare (8)	Run actions/upload-artifact@v4	2026-10-04T05:05:53.6517262Z Root directory input is valid!
compare (8)	Run actions/upload-artifact@v4	2026-10-04T05:05:53.8677884Z Beginning upload of artifact content to blob storage
compare (8)	Run actions/upload-artifact@v4	2026-10-04T05:05:53.9016224Z (node:3036) [DEP0169] DeprecationWarning: `url.parse()` behavior is not standardized and prone to errors that have security implications. Use the WHATWG URL API instead. CVEs are not issued for `url.parse()` vulnerabilities.
compare (8)	Run actions/upload-artifact@v4	2026-10-04T05:05:53.9595866Z Uploaded bytes 68367
compare (8)	Run actions/upload-artifact@v4	2026-10-04T05:05:53.9783553Z Finished uploading artifact content to blob storage!
compare (8)	Run actions/upload-artifact@v4	2026-10-04T05:05:53.9785088Z SHA256 digest of uploaded artifact zip is 5e7d79017a8b4827ae44b4ee7fb4507ccdb4f740f48619769b15054e9b19beaf
compare (8)	Run actions/upload-artifact@v4	2026-10-04T05:05:53.9786393Z Finalizing artifact upload
compare (8)	Run actions/upload-artifact@v4	2026-10-04T05:05:54.1961933Z Artifact a0-m1-on-off-host-8.zip successfully finalized. Artifact ID 11294910624
compare (8)	Run actions/upload-artifact@v4	2026-10-04T05:05:54.1965569Z Artifact a0-m1-on-off-host-8 has been successfully uploaded! Final size is 68367 bytes. Artifact ID is 11294910624
compare (8)	Run actions/upload-artifact@v4	2026-10-04T05:05:54.1969854Z Artifact download URL: https://github.com/Qnia28/sfinder_wasm/actions/runs/37178792683/artifacts/11294910624
compare (8)	Post Run actions/checkout@v4	﻿2026-10-04T05:05:54.2200676Z Post job cleanup.
compare (8)	Post Run actions/checkout@v4	2026-10-04T05:05:54.3061654Z [command]/usr/bin/git version
compare (8)	Post Run actions/checkout@v4	2026-10-04T05:05:54.3105095Z git version 2.55.0
compare (8)	Post Run actions/checkout@v4	2026-10-04T05:05:54.3143136Z Temporarily overriding HOME='/home/runner/work/_temp/04341695-1b92-46bb-9546-ee09ff378edd' before making global git config changes
compare (8)	Post Run actions/checkout@v4	2026-10-04T05:05:54.3145445Z Adding repository directory to the temporary git global config as a safe directory
compare (8)	Post Run actions/checkout@v4	2026-10-04T05:05:54.3149582Z [command]/usr/bin/git config --global --add safe.directory /home/runner/work/sfinder_wasm/sfinder_wasm
compare (8)	Post Run actions/checkout@v4	2026-10-04T05:05:54.3187659Z [command]/usr/bin/git config --local --name-only --get-regexp core\.sshCommand
compare (8)	Post Run actions/checkout@v4	2026-10-04T05:05:54.3229739Z [command]/usr/bin/git submodule foreach --recursive sh -c "git config --local --name-only --get-regexp 'core\.sshCommand' && git config --local --unset-all 'core.sshCommand' || :"
compare (8)	Post Run actions/checkout@v4	2026-10-04T05:05:54.3480492Z [command]/usr/bin/git config --local --name-only --get-regexp http\.https\:\/\/github\.com\/\.extraheader
compare (8)	Post Run actions/checkout@v4	2026-10-04T05:05:54.3508596Z http.https://github.com/.extraheader
compare (8)	Post Run actions/checkout@v4	2026-10-04T05:05:54.3527164Z [command]/usr/bin/git config --local --unset-all http.https://github.com/.extraheader
compare (8)	Post Run actions/checkout@v4	2026-10-04T05:05:54.3565641Z [command]/usr/bin/git submodule foreach --recursive sh -c "git config --local --name-only --get-regexp 'http\.https\:\/\/github\.com\/\.extraheader' && git config --local --unset-all 'http.https://github.com/.extraheader' || :"
compare (8)	Post Run actions/checkout@v4	2026-10-04T05:05:54.3818522Z [command]/usr/bin/git config --local --name-only --get-regexp ^includeIf\.gitdir:
compare (8)	Post Run actions/checkout@v4	2026-10-04T05:05:54.3859384Z [command]/usr/bin/git submodule foreach --recursive git config --local --show-origin --name-only --get-regexp remote.origin.url
compare (8)	Complete job	﻿2026-10-04T05:05:54.4287267Z Cleaning up orphan processes
compare (8)	Complete job	2026-10-04T05:05:54.4815838Z ##[warning]Node.js 20 is deprecated. The following actions target Node.js 20 but are being forced to run on Node.js 24: actions/checkout@v4, actions/download-artifact@v4, actions/setup-node@v4, actions/upload-artifact@v4. For more information see: https://github.blog/changelog/2025-09-19-deprecation-of-node-20-on-github-actions-runners/
compare (9)	Set up job	﻿2026-10-04T05:05:31.4517467Z Current runner version: '2.337.0'
compare (9)	Set up job	2026-10-04T05:05:31.4542464Z ##[group]Runner Image Provisioner
compare (9)	Set up job	2026-10-04T05:05:31.4543377Z Hosted Compute Agent
compare (9)	Set up job	2026-10-04T05:05:31.4544051Z Version: 20260901.588
compare (9)	Set up job	2026-10-04T05:05:31.4544697Z Commit: f88ec8081b781fac6c440065ac7ff9e710ce3d0b
compare (9)	Set up job	2026-10-04T05:05:31.4545487Z Build Date: 2026-09-01T19:56:44Z
compare (9)	Set up job	2026-10-04T05:05:31.4546231Z Worker ID: {ff5b0a11-ba1a-40a2-9505-ee61062f38de}
compare (9)	Set up job	2026-10-04T05:05:31.4547214Z Azure Region: westus2
compare (9)	Set up job	2026-10-04T05:05:31.4547862Z ##[endgroup]
compare (9)	Set up job	2026-10-04T05:05:31.4549524Z ##[group]Operating System
compare (9)	Set up job	2026-10-04T05:05:31.4550171Z Ubuntu
compare (9)	Set up job	2026-10-04T05:05:31.4550770Z 24.04.5
compare (9)	Set up job	2026-10-04T05:05:31.4551286Z LTS
compare (9)	Set up job	2026-10-04T05:05:31.4551781Z ##[endgroup]
compare (9)	Set up job	2026-10-04T05:05:31.4552425Z ##[group]Runner Image
compare (9)	Set up job	2026-10-04T05:05:31.4553051Z Image: ubuntu-24.04
compare (9)	Set up job	2026-10-04T05:05:31.4553641Z Version: 20260927.320.1
compare (9)	Set up job	2026-10-04T05:05:31.4554700Z Included Software: https://github.com/actions/runner-images/blob/ubuntu24/20260927.320/images/ubuntu/Ubuntu2404-Readme.md
compare (9)	Set up job	2026-10-04T05:05:31.4557230Z Image Release: https://github.com/actions/runner-images/releases/tag/ubuntu24%2F20260927.320
compare (9)	Set up job	2026-10-04T05:05:31.4558250Z ##[endgroup]
compare (9)	Set up job	2026-10-04T05:05:31.4559436Z ##[group]GITHUB_TOKEN Permissions
compare (9)	Set up job	2026-10-04T05:05:31.4561524Z Actions: read
compare (9)	Set up job	2026-10-04T05:05:31.4562252Z Contents: read
compare (9)	Set up job	2026-10-04T05:05:31.4562879Z Metadata: read
compare (9)	Set up job	2026-10-04T05:05:31.4563412Z ##[endgroup]
compare (9)	Set up job	2026-10-04T05:05:31.4565510Z Secret source: Actions
compare (9)	Set up job	2026-10-04T05:05:31.4566671Z Cache mode: write
compare (9)	Set up job	2026-10-04T05:05:31.4567509Z Prepare workflow directory
compare (9)	Set up job	2026-10-04T05:05:31.4907680Z Prepare all required actions
compare (9)	Set up job	2026-10-04T05:05:31.4959218Z Getting action download info
compare (9)	Set up job	2026-10-04T05:05:31.8765788Z Download action repository 'actions/checkout@v4' (SHA:11d5960a326750d5838078e36cf38b85af677262)
compare (9)	Set up job	2026-10-04T05:05:31.9901471Z Download action repository 'actions/setup-node@v4' (SHA:49933ea5288caeca8642d1e84afbd3f7d6820020)
compare (9)	Set up job	2026-10-04T05:05:32.0746773Z Download action repository 'actions/download-artifact@v4' (SHA:d3f86a106a0bac45b974a628896c90dbdf5c8093)
compare (9)	Set up job	2026-10-04T05:05:32.3196762Z Download action repository 'actions/upload-artifact@v4' (SHA:ea165f8d65b6e75b540449e92b4886f43607fa02)
compare (9)	Set up job	2026-10-04T05:05:32.5338991Z Complete job name: compare (9)
compare (9)	Run actions/checkout@v4	﻿2026-10-04T05:05:32.6113710Z ##[group]Run actions/checkout@v4
compare (9)	Run actions/checkout@v4	2026-10-04T05:05:32.6114640Z with:
compare (9)	Run actions/checkout@v4	2026-10-04T05:05:32.6115078Z   repository: Qnia28/sfinder_wasm
compare (9)	Run actions/checkout@v4	2026-10-04T05:05:32.6119188Z   token: ***
compare (9)	Run actions/checkout@v4	2026-10-04T05:05:32.6119614Z   ssh-strict: true
compare (9)	Run actions/checkout@v4	2026-10-04T05:05:32.6120036Z   ssh-user: git
compare (9)	Run actions/checkout@v4	2026-10-04T05:05:32.6120472Z   persist-credentials: true
compare (9)	Run actions/checkout@v4	2026-10-04T05:05:32.6120956Z   clean: true
compare (9)	Run actions/checkout@v4	2026-10-04T05:05:32.6121393Z   sparse-checkout-cone-mode: true
compare (9)	Run actions/checkout@v4	2026-10-04T05:05:32.6121911Z   fetch-depth: 1
compare (9)	Run actions/checkout@v4	2026-10-04T05:05:32.6122331Z   fetch-tags: false
compare (9)	Run actions/checkout@v4	2026-10-04T05:05:32.6122761Z   show-progress: true
compare (9)	Run actions/checkout@v4	2026-10-04T05:05:32.6123195Z   lfs: false
compare (9)	Run actions/checkout@v4	2026-10-04T05:05:32.6123600Z   submodules: false
compare (9)	Run actions/checkout@v4	2026-10-04T05:05:32.6124040Z   set-safe-directory: true
compare (9)	Run actions/checkout@v4	2026-10-04T05:05:32.6124531Z   allow-unsafe-pr-checkout: false
compare (9)	Run actions/checkout@v4	2026-10-04T05:05:32.6125309Z ##[endgroup]
compare (9)	Run actions/checkout@v4	2026-10-04T05:05:32.7114041Z Syncing repository: Qnia28/sfinder_wasm
compare (9)	Run actions/checkout@v4	2026-10-04T05:05:32.7117018Z ##[group]Getting Git version info
compare (9)	Run actions/checkout@v4	2026-10-04T05:05:32.7118322Z Working directory is '/home/runner/work/sfinder_wasm/sfinder_wasm'
compare (9)	Run actions/checkout@v4	2026-10-04T05:05:32.7120121Z [command]/usr/bin/git version
compare (9)	Run actions/checkout@v4	2026-10-04T05:05:32.7250028Z git version 2.55.0
compare (9)	Run actions/checkout@v4	2026-10-04T05:05:32.7272758Z ##[endgroup]
compare (9)	Run actions/checkout@v4	2026-10-04T05:05:32.7296082Z Temporarily overriding HOME='/home/runner/work/_temp/6f645a3b-26d0-4534-9a30-4e24e7afdda5' before making global git config changes
compare (9)	Run actions/checkout@v4	2026-10-04T05:05:32.7299045Z Adding repository directory to the temporary git global config as a safe directory
compare (9)	Run actions/checkout@v4	2026-10-04T05:05:32.7302565Z [command]/usr/bin/git config --global --add safe.directory /home/runner/work/sfinder_wasm/sfinder_wasm
compare (9)	Run actions/checkout@v4	2026-10-04T05:05:32.7361163Z Deleting the contents of '/home/runner/work/sfinder_wasm/sfinder_wasm'
compare (9)	Run actions/checkout@v4	2026-10-04T05:05:32.7371038Z ##[group]Initializing the repository
compare (9)	Run actions/checkout@v4	2026-10-04T05:05:32.7383953Z [command]/usr/bin/git init /home/runner/work/sfinder_wasm/sfinder_wasm
compare (9)	Run actions/checkout@v4	2026-10-04T05:05:32.7500824Z hint: Using 'master' as the name for the initial branch. This default branch name
compare (9)	Run actions/checkout@v4	2026-10-04T05:05:32.7502533Z hint: will change to "main" in Git 3.0. To configure the initial branch name
compare (9)	Run actions/checkout@v4	2026-10-04T05:05:32.7503592Z hint: to use in all of your new repositories, which will suppress this warning,
compare (9)	Run actions/checkout@v4	2026-10-04T05:05:32.7504576Z hint: call:
compare (9)	Run actions/checkout@v4	2026-10-04T05:05:32.7504983Z hint:
compare (9)	Run actions/checkout@v4	2026-10-04T05:05:32.7505506Z hint: 	git config --global init.defaultBranch <name>
compare (9)	Run actions/checkout@v4	2026-10-04T05:05:32.7506119Z hint:
compare (9)	Run actions/checkout@v4	2026-10-04T05:05:32.7507014Z hint: Names commonly chosen instead of 'master' are 'main', 'trunk' and
compare (9)	Run actions/checkout@v4	2026-10-04T05:05:32.7508000Z hint: 'development'. The just-created branch can be renamed via this command:
compare (9)	Run actions/checkout@v4	2026-10-04T05:05:32.7509394Z hint:
compare (9)	Run actions/checkout@v4	2026-10-04T05:05:32.7510046Z hint: 	git branch -m <name>
compare (9)	Run actions/checkout@v4	2026-10-04T05:05:32.7510808Z hint:
compare (9)	Run actions/checkout@v4	2026-10-04T05:05:32.7511979Z hint: Disable this message with "git config set advice.defaultBranchName false"
compare (9)	Run actions/checkout@v4	2026-10-04T05:05:32.7513991Z Initialized empty Git repository in /home/runner/work/sfinder_wasm/sfinder_wasm/.git/
compare (9)	Run actions/checkout@v4	2026-10-04T05:05:32.7524035Z [command]/usr/bin/git remote add origin https://github.com/Qnia28/sfinder_wasm
compare (9)	Run actions/checkout@v4	2026-10-04T05:05:32.7579731Z ##[endgroup]
compare (9)	Run actions/checkout@v4	2026-10-04T05:05:32.7581084Z ##[group]Disabling automatic garbage collection
compare (9)	Run actions/checkout@v4	2026-10-04T05:05:32.7584257Z [command]/usr/bin/git config --local gc.auto 0
compare (9)	Run actions/checkout@v4	2026-10-04T05:05:32.7621761Z ##[endgroup]
compare (9)	Run actions/checkout@v4	2026-10-04T05:05:32.7623147Z ##[group]Setting up auth
compare (9)	Run actions/checkout@v4	2026-10-04T05:05:32.7630886Z [command]/usr/bin/git config --local --name-only --get-regexp core\.sshCommand
compare (9)	Run actions/checkout@v4	2026-10-04T05:05:32.7676640Z [command]/usr/bin/git submodule foreach --recursive sh -c "git config --local --name-only --get-regexp 'core\.sshCommand' && git config --local --unset-all 'core.sshCommand' || :"
compare (9)	Run actions/checkout@v4	2026-10-04T05:05:32.8088057Z [command]/usr/bin/git config --local --name-only --get-regexp http\.https\:\/\/github\.com\/\.extraheader
compare (9)	Run actions/checkout@v4	2026-10-04T05:05:32.8129313Z [command]/usr/bin/git submodule foreach --recursive sh -c "git config --local --name-only --get-regexp 'http\.https\:\/\/github\.com\/\.extraheader' && git config --local --unset-all 'http.https://github.com/.extraheader' || :"
compare (9)	Run actions/checkout@v4	2026-10-04T05:05:32.8359582Z [command]/usr/bin/git config --local --name-only --get-regexp ^includeIf\.gitdir:
compare (9)	Run actions/checkout@v4	2026-10-04T05:05:32.8397119Z [command]/usr/bin/git submodule foreach --recursive git config --local --show-origin --name-only --get-regexp remote.origin.url
compare (9)	Run actions/checkout@v4	2026-10-04T05:05:32.8627835Z [command]/usr/bin/git config --local http.https://github.com/.extraheader AUTHORIZATION: basic ***
compare (9)	Run actions/checkout@v4	2026-10-04T05:05:32.8670828Z ##[endgroup]
compare (9)	Run actions/checkout@v4	2026-10-04T05:05:32.8671708Z ##[group]Fetching the repository
compare (9)	Run actions/checkout@v4	2026-10-04T05:05:32.8681611Z [command]/usr/bin/git -c protocol.version=2 fetch --no-tags --prune --no-recurse-submodules --depth=1 origin +03ef21d61bb1dcbe2d68e54018ba64c12960b04b:refs/remotes/origin/integration/a0-m1-selectable-20261004
compare (9)	Run actions/checkout@v4	2026-10-04T05:05:33.9719608Z From https://github.com/Qnia28/sfinder_wasm
compare (9)	Run actions/checkout@v4	2026-10-04T05:05:33.9720692Z  * [new ref]         03ef21d61bb1dcbe2d68e54018ba64c12960b04b -> origin/integration/a0-m1-selectable-20261004
compare (9)	Run actions/checkout@v4	2026-10-04T05:05:33.9723997Z ##[endgroup]
compare (9)	Run actions/checkout@v4	2026-10-04T05:05:33.9724766Z ##[group]Determining the checkout info
compare (9)	Run actions/checkout@v4	2026-10-04T05:05:33.9727045Z ##[endgroup]
compare (9)	Run actions/checkout@v4	2026-10-04T05:05:33.9733326Z [command]/usr/bin/git sparse-checkout disable
compare (9)	Run actions/checkout@v4	2026-10-04T05:05:33.9793197Z [command]/usr/bin/git config --local --unset-all extensions.worktreeConfig
compare (9)	Run actions/checkout@v4	2026-10-04T05:05:33.9826031Z ##[group]Checking out the ref
compare (9)	Run actions/checkout@v4	2026-10-04T05:05:33.9830939Z [command]/usr/bin/git checkout --progress --force -B integration/a0-m1-selectable-20261004 refs/remotes/origin/integration/a0-m1-selectable-20261004
compare (9)	Run actions/checkout@v4	2026-10-04T05:05:34.1704889Z Switched to a new branch 'integration/a0-m1-selectable-20261004'
compare (9)	Run actions/checkout@v4	2026-10-04T05:05:34.1709672Z branch 'integration/a0-m1-selectable-20261004' set up to track 'origin/integration/a0-m1-selectable-20261004'.
compare (9)	Run actions/checkout@v4	2026-10-04T05:05:34.1722139Z ##[endgroup]
compare (9)	Run actions/checkout@v4	2026-10-04T05:05:34.1770101Z [command]/usr/bin/git log -1 --format=%H
compare (9)	Run actions/checkout@v4	2026-10-04T05:05:34.1796743Z 03ef21d61bb1dcbe2d68e54018ba64c12960b04b
compare (9)	Run actions/setup-node@v4	﻿2026-10-04T05:05:34.2161804Z ##[group]Run actions/setup-node@v4
compare (9)	Run actions/setup-node@v4	2026-10-04T05:05:34.2162309Z with:
compare (9)	Run actions/setup-node@v4	2026-10-04T05:05:34.2162617Z   node-version: 24.13.0
compare (9)	Run actions/setup-node@v4	2026-10-04T05:05:34.2162931Z   always-auth: false
compare (9)	Run actions/setup-node@v4	2026-10-04T05:05:34.2163234Z   check-latest: false
compare (9)	Run actions/setup-node@v4	2026-10-04T05:05:34.2166089Z   token: ***
compare (9)	Run actions/setup-node@v4	2026-10-04T05:05:34.2166728Z ##[endgroup]
compare (9)	Run actions/setup-node@v4	2026-10-04T05:05:34.3609256Z Attempting to download 24.13.0...
compare (9)	Run actions/setup-node@v4	2026-10-04T05:05:34.3721626Z (node:2305) [DEP0040] DeprecationWarning: The `punycode` module is deprecated. Please use a userland alternative instead.
compare (9)	Run actions/setup-node@v4	2026-10-04T05:05:34.3722853Z (Use `node --trace-deprecation ...` to show where the warning was created)
compare (9)	Run actions/setup-node@v4	2026-10-04T05:05:35.1066173Z Acquiring 24.13.0 - x64 from https://github.com/actions/node-versions/releases/download/24.13.0-20981653924/node-24.13.0-linux-x64.tar.gz
compare (9)	Run actions/setup-node@v4	2026-10-04T05:05:35.5719220Z Extracting ...
compare (9)	Run actions/setup-node@v4	2026-10-04T05:05:35.5844673Z [command]/usr/bin/tar xz --strip 1 --warning=no-unknown-keyword --overwrite -C /home/runner/work/_temp/6b0f6958-6121-454f-bb0d-b5b6cccedfbc -f /home/runner/work/_temp/77b00fe7-1d25-46e8-b490-be7c02e37b94
compare (9)	Run actions/setup-node@v4	2026-10-04T05:05:36.7783559Z Adding to the cache ...
compare (9)	Run actions/setup-node@v4	2026-10-04T05:05:39.0509413Z ##[group]Environment details
compare (9)	Run actions/setup-node@v4	2026-10-04T05:05:39.2860373Z node: v24.13.0
compare (9)	Run actions/setup-node@v4	2026-10-04T05:05:39.2860980Z npm: 11.6.2
compare (9)	Run actions/setup-node@v4	2026-10-04T05:05:39.2861326Z yarn: 1.22.22
compare (9)	Run actions/setup-node@v4	2026-10-04T05:05:39.2862082Z ##[endgroup]
compare (9)	Run actions/download-artifact@v4	﻿2026-10-04T05:05:39.3052377Z ##[group]Run actions/download-artifact@v4
compare (9)	Run actions/download-artifact@v4	2026-10-04T05:05:39.3052725Z with:
compare (9)	Run actions/download-artifact@v4	2026-10-04T05:05:39.3052950Z   name: a0-m1-on-off-preflight
compare (9)	Run actions/download-artifact@v4	2026-10-04T05:05:39.3053207Z   path: .a0-m1-download
compare (9)	Run actions/download-artifact@v4	2026-10-04T05:05:39.3053441Z   merge-multiple: false
compare (9)	Run actions/download-artifact@v4	2026-10-04T05:05:39.3053689Z   repository: Qnia28/sfinder_wasm
compare (9)	Run actions/download-artifact@v4	2026-10-04T05:05:39.3053970Z   run-id: 37178792683
compare (9)	Run actions/download-artifact@v4	2026-10-04T05:05:39.3054188Z ##[endgroup]
compare (9)	Run actions/download-artifact@v4	2026-10-04T05:05:39.4552550Z Downloading single artifact
compare (9)	Run actions/download-artifact@v4	2026-10-04T05:05:39.4696561Z (node:2342) [DEP0040] DeprecationWarning: The `punycode` module is deprecated. Please use a userland alternative instead.
compare (9)	Run actions/download-artifact@v4	2026-10-04T05:05:39.4697563Z (Use `node --trace-deprecation ...` to show where the warning was created)
compare (9)	Run actions/download-artifact@v4	2026-10-04T05:05:39.7297273Z Preparing to download the following artifacts:
compare (9)	Run actions/download-artifact@v4	2026-10-04T05:05:39.7299589Z - a0-m1-on-off-preflight (ID: 11294581003, Size: 424658, Expected Digest: sha256:87e6401bb695636592d2d61f512d23996e72cc7f843442be11743e776cc2b8d0)
compare (9)	Run actions/download-artifact@v4	2026-10-04T05:05:39.9753094Z Redirecting to blob download url: https://productionresultssa11.blob.core.windows.net/actions-results/4297ffec-0255-8ee0-bba6-e9af8a0a0bfc/workflow-job-run-dc14e853-3c83-5243-80d5-0ca48845ea80/artifacts/42fca3d34ccca3badc4e3d517d40c04ed3ebd9992e70720a6ebc2028c153a759.zip
compare (9)	Run actions/download-artifact@v4	2026-10-04T05:05:39.9756075Z Starting download of artifact to: /home/runner/work/sfinder_wasm/sfinder_wasm/.a0-m1-download
compare (9)	Run actions/download-artifact@v4	2026-10-04T05:05:40.2677193Z (node:2342) [DEP0005] DeprecationWarning: Buffer() is deprecated due to security and usability issues. Please use the Buffer.alloc(), Buffer.allocUnsafe(), or Buffer.from() methods instead.
compare (9)	Run actions/download-artifact@v4	2026-10-04T05:05:40.6025557Z SHA256 digest of downloaded artifact is 87e6401bb695636592d2d61f512d23996e72cc7f843442be11743e776cc2b8d0
compare (9)	Run actions/download-artifact@v4	2026-10-04T05:05:40.6027440Z Artifact download completed successfully.
compare (9)	Run actions/download-artifact@v4	2026-10-04T05:05:40.6028153Z Total of 1 artifact(s) downloaded
compare (9)	Run actions/download-artifact@v4	2026-10-04T05:05:40.6040746Z Download artifact has finished successfully
compare (9)	Restore locked Linux bytes, not per-host rebuilds	﻿2026-10-04T05:05:40.6167521Z ##[group]Run mkdir -p .a0-m1-comparison
compare (9)	Restore locked Linux bytes, not per-host rebuilds	2026-10-04T05:05:40.6167953Z ^[[36;1mmkdir -p .a0-m1-comparison^[[0m
compare (9)	Restore locked Linux bytes, not per-host rebuilds	2026-10-04T05:05:40.6168402Z ^[[36;1mcp .a0-m1-download/.a0-m1-comparison/{ORIGIN,LOCK}.json .a0-m1-comparison/^[[0m
compare (9)	Restore locked Linux bytes, not per-host rebuilds	2026-10-04T05:05:40.6168873Z ^[[36;1mcp .a0-m1-download/wasm/*.wasm wasm/^[[0m
compare (9)	Restore locked Linux bytes, not per-host rebuilds	2026-10-04T05:05:40.6169193Z ^[[36;1mnpm ci --ignore-scripts^[[0m
compare (9)	Restore locked Linux bytes, not per-host rebuilds	2026-10-04T05:05:40.6470533Z shell: /usr/bin/bash -e {0}
compare (9)	Restore locked Linux bytes, not per-host rebuilds	2026-10-04T05:05:40.6470869Z ##[endgroup]
compare (9)	Restore locked Linux bytes, not per-host rebuilds	2026-10-04T05:05:41.0895958Z 
compare (9)	Restore locked Linux bytes, not per-host rebuilds	2026-10-04T05:05:41.0896947Z added 1 package, and audited 2 packages in 381ms
compare (9)	Restore locked Linux bytes, not per-host rebuilds	2026-10-04T05:05:41.0904181Z 
compare (9)	Restore locked Linux bytes, not per-host rebuilds	2026-10-04T05:05:41.0904855Z found 0 vulnerabilities
compare (9)	Run frozen adjacent100pairs/full requests on this host	﻿2026-10-04T05:05:41.1339513Z ##[group]Run group=/sys/fs/cgroup/a0-m1-compare-$GITHUB_RUN_ID-9
compare (9)	Run frozen adjacent100pairs/full requests on this host	2026-10-04T05:05:41.1340052Z ^[[36;1mgroup=/sys/fs/cgroup/a0-m1-compare-$GITHUB_RUN_ID-9^[[0m
compare (9)	Run frozen adjacent100pairs/full requests on this host	2026-10-04T05:05:41.1340411Z ^[[36;1msudo mkdir "$group"^[[0m
compare (9)	Run frozen adjacent100pairs/full requests on this host	2026-10-04T05:05:41.1340744Z ^[[36;1mecho '+memory' | sudo tee "$group/cgroup.subtree_control"^[[0m
compare (9)	Run frozen adjacent100pairs/full requests on this host	2026-10-04T05:05:41.1341234Z ^[[36;1mA0_CGROUP_ROOT="$group" node experiments/a0-m1-on-off-20261004/run.mjs 9^[[0m
compare (9)	Run frozen adjacent100pairs/full requests on this host	2026-10-04T05:05:41.1406085Z shell: /usr/bin/bash -e {0}
compare (9)	Run frozen adjacent100pairs/full requests on this host	2026-10-04T05:05:41.1406651Z ##[endgroup]
compare (9)	Run frozen adjacent100pairs/full requests on this host	2026-10-04T05:05:41.1631659Z +memory
compare (9)	Run frozen adjacent100pairs/full requests on this host	2026-10-04T05:05:54.9131053Z ##[error]Process completed with exit code 1.
compare (9)	Run actions/upload-artifact@v4	﻿2026-10-04T05:05:54.9199691Z ##[group]Run actions/upload-artifact@v4
compare (9)	Run actions/upload-artifact@v4	2026-10-04T05:05:54.9200014Z with:
compare (9)	Run actions/upload-artifact@v4	2026-10-04T05:05:54.9200225Z   name: a0-m1-on-off-host-9
compare (9)	Run actions/upload-artifact@v4	2026-10-04T05:05:54.9200512Z   path: .a0-m1-comparison/results/
compare (9)	Run actions/upload-artifact@v4	2026-10-04T05:05:54.9200793Z   include-hidden-files: true
compare (9)	Run actions/upload-artifact@v4	2026-10-04T05:05:54.9201061Z   if-no-files-found: error
compare (9)	Run actions/upload-artifact@v4	2026-10-04T05:05:54.9201316Z   retention-days: 7
compare (9)	Run actions/upload-artifact@v4	2026-10-04T05:05:54.9201535Z   compression-level: 6
compare (9)	Run actions/upload-artifact@v4	2026-10-04T05:05:54.9201760Z   overwrite: false
compare (9)	Run actions/upload-artifact@v4	2026-10-04T05:05:54.9201976Z ##[endgroup]
compare (9)	Run actions/upload-artifact@v4	2026-10-04T05:05:55.0856606Z (node:3025) [DEP0040] DeprecationWarning: The `punycode` module is deprecated. Please use a userland alternative instead.
compare (9)	Run actions/upload-artifact@v4	2026-10-04T05:05:55.0857497Z (Use `node --trace-deprecation ...` to show where the warning was created)
compare (9)	Run actions/upload-artifact@v4	2026-10-04T05:05:55.0937470Z With the provided path, there will be 5 files uploaded
compare (9)	Run actions/upload-artifact@v4	2026-10-04T05:05:55.0939378Z Artifact name is valid!
compare (9)	Run actions/upload-artifact@v4	2026-10-04T05:05:55.0940012Z Root directory input is valid!
compare (9)	Run actions/upload-artifact@v4	2026-10-04T05:05:55.4763760Z Beginning upload of artifact content to blob storage
compare (9)	Run actions/upload-artifact@v4	2026-10-04T05:05:55.5088198Z (node:3025) [DEP0169] DeprecationWarning: `url.parse()` behavior is not standardized and prone to errors that have security implications. Use the WHATWG URL API instead. CVEs are not issued for `url.parse()` vulnerabilities.
compare (9)	Run actions/upload-artifact@v4	2026-10-04T05:05:55.9178575Z Uploaded bytes 68385
compare (9)	Run actions/upload-artifact@v4	2026-10-04T05:05:55.9960266Z Finished uploading artifact content to blob storage!
compare (9)	Run actions/upload-artifact@v4	2026-10-04T05:05:55.9961992Z SHA256 digest of uploaded artifact zip is 6fe95635efdfc51ceb930e3cc516fc8c738a1560936f36a0198c4ad0cc8f6105
compare (9)	Run actions/upload-artifact@v4	2026-10-04T05:05:55.9963244Z Finalizing artifact upload
compare (9)	Run actions/upload-artifact@v4	2026-10-04T05:05:56.2662725Z Artifact a0-m1-on-off-host-9.zip successfully finalized. Artifact ID 11294985468
compare (9)	Run actions/upload-artifact@v4	2026-10-04T05:05:56.2664379Z Artifact a0-m1-on-off-host-9 has been successfully uploaded! Final size is 68385 bytes. Artifact ID is 11294985468
compare (9)	Run actions/upload-artifact@v4	2026-10-04T05:05:56.2671605Z Artifact download URL: https://github.com/Qnia28/sfinder_wasm/actions/runs/37178792683/artifacts/11294985468
compare (9)	Post Run actions/checkout@v4	﻿2026-10-04T05:05:56.2881296Z Post job cleanup.
compare (9)	Post Run actions/checkout@v4	2026-10-04T05:05:56.3709826Z [command]/usr/bin/git version
compare (9)	Post Run actions/checkout@v4	2026-10-04T05:05:56.3753912Z git version 2.55.0
compare (9)	Post Run actions/checkout@v4	2026-10-04T05:05:56.3792397Z Temporarily overriding HOME='/home/runner/work/_temp/502d70bc-f68e-4ad5-ba8c-95d175d33e62' before making global git config changes
compare (9)	Post Run actions/checkout@v4	2026-10-04T05:05:56.3794108Z Adding repository directory to the temporary git global config as a safe directory
compare (9)	Post Run actions/checkout@v4	2026-10-04T05:05:56.3797883Z [command]/usr/bin/git config --global --add safe.directory /home/runner/work/sfinder_wasm/sfinder_wasm
compare (9)	Post Run actions/checkout@v4	2026-10-04T05:05:56.3836054Z [command]/usr/bin/git config --local --name-only --get-regexp core\.sshCommand
compare (9)	Post Run actions/checkout@v4	2026-10-04T05:05:56.3872246Z [command]/usr/bin/git submodule foreach --recursive sh -c "git config --local --name-only --get-regexp 'core\.sshCommand' && git config --local --unset-all 'core.sshCommand' || :"
compare (9)	Post Run actions/checkout@v4	2026-10-04T05:05:56.4123432Z [command]/usr/bin/git config --local --name-only --get-regexp http\.https\:\/\/github\.com\/\.extraheader
compare (9)	Post Run actions/checkout@v4	2026-10-04T05:05:56.4154989Z http.https://github.com/.extraheader
compare (9)	Post Run actions/checkout@v4	2026-10-04T05:05:56.4167358Z [command]/usr/bin/git config --local --unset-all http.https://github.com/.extraheader
compare (9)	Post Run actions/checkout@v4	2026-10-04T05:05:56.4213313Z [command]/usr/bin/git submodule foreach --recursive sh -c "git config --local --name-only --get-regexp 'http\.https\:\/\/github\.com\/\.extraheader' && git config --local --unset-all 'http.https://github.com/.extraheader' || :"
compare (9)	Post Run actions/checkout@v4	2026-10-04T05:05:56.4469438Z [command]/usr/bin/git config --local --name-only --get-regexp ^includeIf\.gitdir:
compare (9)	Post Run actions/checkout@v4	2026-10-04T05:05:56.4504488Z [command]/usr/bin/git submodule foreach --recursive git config --local --show-origin --name-only --get-regexp remote.origin.url
compare (9)	Complete job	﻿2026-10-04T05:05:56.4887557Z Cleaning up orphan processes
compare (9)	Complete job	2026-10-04T05:05:56.5224354Z ##[warning]Node.js 20 is deprecated. The following actions target Node.js 20 but are being forced to run on Node.js 24: actions/checkout@v4, actions/download-artifact@v4, actions/setup-node@v4, actions/upload-artifact@v4. For more information see: https://github.blog/changelog/2025-09-19-deprecation-of-node-20-on-github-actions-runners/
compare (3)	Set up job	﻿2026-10-04T05:05:30.8686128Z Current runner version: '2.337.0'
compare (3)	Set up job	2026-10-04T05:05:30.8714318Z ##[group]Runner Image Provisioner
compare (3)	Set up job	2026-10-04T05:05:30.8715267Z Hosted Compute Agent
compare (3)	Set up job	2026-10-04T05:05:30.8715848Z Version: 20260901.588
compare (3)	Set up job	2026-10-04T05:05:30.8716464Z Commit: f88ec8081b781fac6c440065ac7ff9e710ce3d0b
compare (3)	Set up job	2026-10-04T05:05:30.8717219Z Build Date: 2026-09-01T19:56:44Z
compare (3)	Set up job	2026-10-04T05:05:30.8717896Z Worker ID: {9457c865-4a6a-4669-8f2e-4d6d4781770c}
compare (3)	Set up job	2026-10-04T05:05:30.8718590Z Azure Region: northcentralus
compare (3)	Set up job	2026-10-04T05:05:30.8719248Z ##[endgroup]
compare (3)	Set up job	2026-10-04T05:05:30.8720529Z ##[group]Operating System
compare (3)	Set up job	2026-10-04T05:05:30.8721172Z Ubuntu
compare (3)	Set up job	2026-10-04T05:05:30.8721682Z 24.04.5
compare (3)	Set up job	2026-10-04T05:05:30.8722297Z LTS
compare (3)	Set up job	2026-10-04T05:05:30.8722880Z ##[endgroup]
compare (3)	Set up job	2026-10-04T05:05:30.8723460Z ##[group]Runner Image
compare (3)	Set up job	2026-10-04T05:05:30.8724064Z Image: ubuntu-24.04
compare (3)	Set up job	2026-10-04T05:05:30.8724663Z Version: 20260927.320.1
compare (3)	Set up job	2026-10-04T05:05:30.8725912Z Included Software: https://github.com/actions/runner-images/blob/ubuntu24/20260927.320/images/ubuntu/Ubuntu2404-Readme.md
compare (3)	Set up job	2026-10-04T05:05:30.8727971Z Image Release: https://github.com/actions/runner-images/releases/tag/ubuntu24%2F20260927.320
compare (3)	Set up job	2026-10-04T05:05:30.8728926Z ##[endgroup]
compare (3)	Set up job	2026-10-04T05:05:30.8730029Z ##[group]GITHUB_TOKEN Permissions
compare (3)	Set up job	2026-10-04T05:05:30.8732833Z Actions: read
compare (3)	Set up job	2026-10-04T05:05:30.8733416Z Contents: read
compare (3)	Set up job	2026-10-04T05:05:30.8734020Z Metadata: read
compare (3)	Set up job	2026-10-04T05:05:30.8734564Z ##[endgroup]
compare (3)	Set up job	2026-10-04T05:05:30.8736612Z Secret source: Actions
compare (3)	Set up job	2026-10-04T05:05:30.8737556Z Cache mode: write
compare (3)	Set up job	2026-10-04T05:05:30.8738461Z Prepare workflow directory
compare (3)	Set up job	2026-10-04T05:05:30.9069827Z Prepare all required actions
compare (3)	Set up job	2026-10-04T05:05:30.9120383Z Getting action download info
compare (3)	Set up job	2026-10-04T05:05:31.1872041Z Download action repository 'actions/checkout@v4' (SHA:11d5960a326750d5838078e36cf38b85af677262)
compare (3)	Set up job	2026-10-04T05:05:31.3128463Z Download action repository 'actions/setup-node@v4' (SHA:49933ea5288caeca8642d1e84afbd3f7d6820020)
compare (3)	Set up job	2026-10-04T05:05:31.4458687Z Download action repository 'actions/download-artifact@v4' (SHA:d3f86a106a0bac45b974a628896c90dbdf5c8093)
compare (3)	Set up job	2026-10-04T05:05:31.8403067Z Download action repository 'actions/upload-artifact@v4' (SHA:ea165f8d65b6e75b540449e92b4886f43607fa02)
compare (3)	Set up job	2026-10-04T05:05:32.1017850Z Complete job name: compare (3)
compare (3)	Run actions/checkout@v4	﻿2026-10-04T05:05:32.1759670Z ##[group]Run actions/checkout@v4
compare (3)	Run actions/checkout@v4	2026-10-04T05:05:32.1760540Z with:
compare (3)	Run actions/checkout@v4	2026-10-04T05:05:32.1761082Z   repository: Qnia28/sfinder_wasm
compare (3)	Run actions/checkout@v4	2026-10-04T05:05:32.1765192Z   token: ***
compare (3)	Run actions/checkout@v4	2026-10-04T05:05:32.1765697Z   ssh-strict: true
compare (3)	Run actions/checkout@v4	2026-10-04T05:05:32.1766225Z   ssh-user: git
compare (3)	Run actions/checkout@v4	2026-10-04T05:05:32.1766743Z   persist-credentials: true
compare (3)	Run actions/checkout@v4	2026-10-04T05:05:32.1767284Z   clean: true
compare (3)	Run actions/checkout@v4	2026-10-04T05:05:32.1767862Z   sparse-checkout-cone-mode: true
compare (3)	Run actions/checkout@v4	2026-10-04T05:05:32.1768433Z   fetch-depth: 1
compare (3)	Run actions/checkout@v4	2026-10-04T05:05:32.1768921Z   fetch-tags: false
compare (3)	Run actions/checkout@v4	2026-10-04T05:05:32.1769427Z   show-progress: true
compare (3)	Run actions/checkout@v4	2026-10-04T05:05:32.1770488Z   lfs: false
compare (3)	Run actions/checkout@v4	2026-10-04T05:05:32.1771117Z   submodules: false
compare (3)	Run actions/checkout@v4	2026-10-04T05:05:32.1771766Z   set-safe-directory: true
compare (3)	Run actions/checkout@v4	2026-10-04T05:05:32.1772737Z   allow-unsafe-pr-checkout: false
compare (3)	Run actions/checkout@v4	2026-10-04T05:05:32.1773910Z ##[endgroup]
compare (3)	Run actions/checkout@v4	2026-10-04T05:05:32.2821800Z Syncing repository: Qnia28/sfinder_wasm
compare (3)	Run actions/checkout@v4	2026-10-04T05:05:32.2825327Z ##[group]Getting Git version info
compare (3)	Run actions/checkout@v4	2026-10-04T05:05:32.2826485Z Working directory is '/home/runner/work/sfinder_wasm/sfinder_wasm'
compare (3)	Run actions/checkout@v4	2026-10-04T05:05:32.2828243Z [command]/usr/bin/git version
compare (3)	Run actions/checkout@v4	2026-10-04T05:05:32.2920337Z git version 2.55.0
compare (3)	Run actions/checkout@v4	2026-10-04T05:05:32.2939055Z ##[endgroup]
compare (3)	Run actions/checkout@v4	2026-10-04T05:05:32.2950371Z Temporarily overriding HOME='/home/runner/work/_temp/f8e6c8d8-0237-4811-9052-910d5e1aef4a' before making global git config changes
compare (3)	Run actions/checkout@v4	2026-10-04T05:05:32.2952793Z Adding repository directory to the temporary git global config as a safe directory
compare (3)	Run actions/checkout@v4	2026-10-04T05:05:32.2955546Z [command]/usr/bin/git config --global --add safe.directory /home/runner/work/sfinder_wasm/sfinder_wasm
compare (3)	Run actions/checkout@v4	2026-10-04T05:05:32.3010338Z Deleting the contents of '/home/runner/work/sfinder_wasm/sfinder_wasm'
compare (3)	Run actions/checkout@v4	2026-10-04T05:05:32.3014832Z ##[group]Initializing the repository
compare (3)	Run actions/checkout@v4	2026-10-04T05:05:32.3019371Z [command]/usr/bin/git init /home/runner/work/sfinder_wasm/sfinder_wasm
compare (3)	Run actions/checkout@v4	2026-10-04T05:05:32.3135421Z hint: Using 'master' as the name for the initial branch. This default branch name
compare (3)	Run actions/checkout@v4	2026-10-04T05:05:32.3137205Z hint: will change to "main" in Git 3.0. To configure the initial branch name
compare (3)	Run actions/checkout@v4	2026-10-04T05:05:32.3138890Z hint: to use in all of your new repositories, which will suppress this warning,
compare (3)	Run actions/checkout@v4	2026-10-04T05:05:32.3140698Z hint: call:
compare (3)	Run actions/checkout@v4	2026-10-04T05:05:32.3141536Z hint:
compare (3)	Run actions/checkout@v4	2026-10-04T05:05:32.3142759Z hint: 	git config --global init.defaultBranch <name>
compare (3)	Run actions/checkout@v4	2026-10-04T05:05:32.3143859Z hint:
compare (3)	Run actions/checkout@v4	2026-10-04T05:05:32.3145004Z hint: Names commonly chosen instead of 'master' are 'main', 'trunk' and
compare (3)	Run actions/checkout@v4	2026-10-04T05:05:32.3146673Z hint: 'development'. The just-created branch can be renamed via this command:
compare (3)	Run actions/checkout@v4	2026-10-04T05:05:32.3147928Z hint:
compare (3)	Run actions/checkout@v4	2026-10-04T05:05:32.3148754Z hint: 	git branch -m <name>
compare (3)	Run actions/checkout@v4	2026-10-04T05:05:32.3149592Z hint:
compare (3)	Run actions/checkout@v4	2026-10-04T05:05:32.3150744Z hint: Disable this message with "git config set advice.defaultBranchName false"
compare (3)	Run actions/checkout@v4	2026-10-04T05:05:32.3152229Z Initialized empty Git repository in /home/runner/work/sfinder_wasm/sfinder_wasm/.git/
compare (3)	Run actions/checkout@v4	2026-10-04T05:05:32.3155785Z [command]/usr/bin/git remote add origin https://github.com/Qnia28/sfinder_wasm
compare (3)	Run actions/checkout@v4	2026-10-04T05:05:32.3383858Z ##[endgroup]
compare (3)	Run actions/checkout@v4	2026-10-04T05:05:32.3391177Z ##[group]Disabling automatic garbage collection
compare (3)	Run actions/checkout@v4	2026-10-04T05:05:32.3392935Z [command]/usr/bin/git config --local gc.auto 0
compare (3)	Run actions/checkout@v4	2026-10-04T05:05:32.3415340Z ##[endgroup]
compare (3)	Run actions/checkout@v4	2026-10-04T05:05:32.3416537Z ##[group]Setting up auth
compare (3)	Run actions/checkout@v4	2026-10-04T05:05:32.3426169Z [command]/usr/bin/git config --local --name-only --get-regexp core\.sshCommand
compare (3)	Run actions/checkout@v4	2026-10-04T05:05:32.3463636Z [command]/usr/bin/git submodule foreach --recursive sh -c "git config --local --name-only --get-regexp 'core\.sshCommand' && git config --local --unset-all 'core.sshCommand' || :"
compare (3)	Run actions/checkout@v4	2026-10-04T05:05:32.3821319Z [command]/usr/bin/git config --local --name-only --get-regexp http\.https\:\/\/github\.com\/\.extraheader
compare (3)	Run actions/checkout@v4	2026-10-04T05:05:32.3850902Z [command]/usr/bin/git submodule foreach --recursive sh -c "git config --local --name-only --get-regexp 'http\.https\:\/\/github\.com\/\.extraheader' && git config --local --unset-all 'http.https://github.com/.extraheader' || :"
compare (3)	Run actions/checkout@v4	2026-10-04T05:05:32.4039576Z [command]/usr/bin/git config --local --name-only --get-regexp ^includeIf\.gitdir:
compare (3)	Run actions/checkout@v4	2026-10-04T05:05:32.4082966Z [command]/usr/bin/git submodule foreach --recursive git config --local --show-origin --name-only --get-regexp remote.origin.url
compare (3)	Run actions/checkout@v4	2026-10-04T05:05:32.4277911Z [command]/usr/bin/git config --local http.https://github.com/.extraheader AUTHORIZATION: basic ***
compare (3)	Run actions/checkout@v4	2026-10-04T05:05:32.4317768Z ##[endgroup]
compare (3)	Run actions/checkout@v4	2026-10-04T05:05:32.4319124Z ##[group]Fetching the repository
compare (3)	Run actions/checkout@v4	2026-10-04T05:05:32.4329130Z [command]/usr/bin/git -c protocol.version=2 fetch --no-tags --prune --no-recurse-submodules --depth=1 origin +03ef21d61bb1dcbe2d68e54018ba64c12960b04b:refs/remotes/origin/integration/a0-m1-selectable-20261004
compare (3)	Run actions/checkout@v4	2026-10-04T05:05:33.8149597Z From https://github.com/Qnia28/sfinder_wasm
compare (3)	Run actions/checkout@v4	2026-10-04T05:05:33.8151472Z  * [new ref]         03ef21d61bb1dcbe2d68e54018ba64c12960b04b -> origin/integration/a0-m1-selectable-20261004
compare (3)	Run actions/checkout@v4	2026-10-04T05:05:33.8155605Z ##[endgroup]
compare (3)	Run actions/checkout@v4	2026-10-04T05:05:33.8156656Z ##[group]Determining the checkout info
compare (3)	Run actions/checkout@v4	2026-10-04T05:05:33.8157737Z ##[endgroup]
compare (3)	Run actions/checkout@v4	2026-10-04T05:05:33.8161543Z [command]/usr/bin/git sparse-checkout disable
compare (3)	Run actions/checkout@v4	2026-10-04T05:05:33.8217810Z [command]/usr/bin/git config --local --unset-all extensions.worktreeConfig
compare (3)	Run actions/checkout@v4	2026-10-04T05:05:33.8273427Z ##[group]Checking out the ref
compare (3)	Run actions/checkout@v4	2026-10-04T05:05:33.8276804Z [command]/usr/bin/git checkout --progress --force -B integration/a0-m1-selectable-20261004 refs/remotes/origin/integration/a0-m1-selectable-20261004
compare (3)	Run actions/checkout@v4	2026-10-04T05:05:34.0486926Z Switched to a new branch 'integration/a0-m1-selectable-20261004'
compare (3)	Run actions/checkout@v4	2026-10-04T05:05:34.0491001Z branch 'integration/a0-m1-selectable-20261004' set up to track 'origin/integration/a0-m1-selectable-20261004'.
compare (3)	Run actions/checkout@v4	2026-10-04T05:05:34.0500681Z ##[endgroup]
compare (3)	Run actions/checkout@v4	2026-10-04T05:05:34.0540297Z [command]/usr/bin/git log -1 --format=%H
compare (3)	Run actions/checkout@v4	2026-10-04T05:05:34.0562204Z 03ef21d61bb1dcbe2d68e54018ba64c12960b04b
compare (3)	Run actions/setup-node@v4	﻿2026-10-04T05:05:34.0828793Z ##[group]Run actions/setup-node@v4
compare (3)	Run actions/setup-node@v4	2026-10-04T05:05:34.0829316Z with:
compare (3)	Run actions/setup-node@v4	2026-10-04T05:05:34.0829681Z   node-version: 24.13.0
compare (3)	Run actions/setup-node@v4	2026-10-04T05:05:34.0830047Z   always-auth: false
compare (3)	Run actions/setup-node@v4	2026-10-04T05:05:34.0830456Z   check-latest: false
compare (3)	Run actions/setup-node@v4	2026-10-04T05:05:34.0833502Z   token: ***
compare (3)	Run actions/setup-node@v4	2026-10-04T05:05:34.0833904Z ##[endgroup]
compare (3)	Run actions/setup-node@v4	2026-10-04T05:05:34.2219542Z Attempting to download 24.13.0...
compare (3)	Run actions/setup-node@v4	2026-10-04T05:05:34.2323738Z (node:2288) [DEP0040] DeprecationWarning: The `punycode` module is deprecated. Please use a userland alternative instead.
compare (3)	Run actions/setup-node@v4	2026-10-04T05:05:34.2325871Z (Use `node --trace-deprecation ...` to show where the warning was created)
compare (3)	Run actions/setup-node@v4	2026-10-04T05:05:34.8736638Z Acquiring 24.13.0 - x64 from https://github.com/actions/node-versions/releases/download/24.13.0-20981653924/node-24.13.0-linux-x64.tar.gz
compare (3)	Run actions/setup-node@v4	2026-10-04T05:05:35.2812817Z Extracting ...
compare (3)	Run actions/setup-node@v4	2026-10-04T05:05:35.2918028Z [command]/usr/bin/tar xz --strip 1 --warning=no-unknown-keyword --overwrite -C /home/runner/work/_temp/00288bbb-6adf-452b-8d9b-695901a80721 -f /home/runner/work/_temp/0a63ce94-5f05-4191-80e9-5280d92749b7
compare (3)	Run actions/setup-node@v4	2026-10-04T05:05:36.5953201Z Adding to the cache ...
compare (3)	Run actions/setup-node@v4	2026-10-04T05:05:39.1708058Z ##[group]Environment details
compare (3)	Run actions/setup-node@v4	2026-10-04T05:05:39.4027875Z node: v24.13.0
compare (3)	Run actions/setup-node@v4	2026-10-04T05:05:39.4028668Z npm: 11.6.2
compare (3)	Run actions/setup-node@v4	2026-10-04T05:05:39.4028964Z yarn: 1.22.22
compare (3)	Run actions/setup-node@v4	2026-10-04T05:05:39.4029731Z ##[endgroup]
compare (3)	Run actions/download-artifact@v4	﻿2026-10-04T05:05:39.4193086Z ##[group]Run actions/download-artifact@v4
compare (3)	Run actions/download-artifact@v4	2026-10-04T05:05:39.4193539Z with:
compare (3)	Run actions/download-artifact@v4	2026-10-04T05:05:39.4193865Z   name: a0-m1-on-off-preflight
compare (3)	Run actions/download-artifact@v4	2026-10-04T05:05:39.4194219Z   path: .a0-m1-download
compare (3)	Run actions/download-artifact@v4	2026-10-04T05:05:39.4194570Z   merge-multiple: false
compare (3)	Run actions/download-artifact@v4	2026-10-04T05:05:39.4194909Z   repository: Qnia28/sfinder_wasm
compare (3)	Run actions/download-artifact@v4	2026-10-04T05:05:39.4195283Z   run-id: 37178792683
compare (3)	Run actions/download-artifact@v4	2026-10-04T05:05:39.4195781Z ##[endgroup]
compare (3)	Run actions/download-artifact@v4	2026-10-04T05:05:39.5709455Z Downloading single artifact
compare (3)	Run actions/download-artifact@v4	2026-10-04T05:05:39.5847059Z (node:2323) [DEP0040] DeprecationWarning: The `punycode` module is deprecated. Please use a userland alternative instead.
compare (3)	Run actions/download-artifact@v4	2026-10-04T05:05:39.5848234Z (Use `node --trace-deprecation ...` to show where the warning was created)
compare (3)	Run actions/download-artifact@v4	2026-10-04T05:05:39.7263117Z Preparing to download the following artifacts:
compare (3)	Run actions/download-artifact@v4	2026-10-04T05:05:39.7265850Z - a0-m1-on-off-preflight (ID: 11294581003, Size: 424658, Expected Digest: sha256:87e6401bb695636592d2d61f512d23996e72cc7f843442be11743e776cc2b8d0)
compare (3)	Run actions/download-artifact@v4	2026-10-04T05:05:39.8780536Z Redirecting to blob download url: https://productionresultssa11.blob.core.windows.net/actions-results/4297ffec-0255-8ee0-bba6-e9af8a0a0bfc/workflow-job-run-dc14e853-3c83-5243-80d5-0ca48845ea80/artifacts/42fca3d34ccca3badc4e3d517d40c04ed3ebd9992e70720a6ebc2028c153a759.zip
compare (3)	Run actions/download-artifact@v4	2026-10-04T05:05:39.8782637Z Starting download of artifact to: /home/runner/work/sfinder_wasm/sfinder_wasm/.a0-m1-download
compare (3)	Run actions/download-artifact@v4	2026-10-04T05:05:39.9779211Z (node:2323) [DEP0005] DeprecationWarning: Buffer() is deprecated due to security and usability issues. Please use the Buffer.alloc(), Buffer.allocUnsafe(), or Buffer.from() methods instead.
compare (3)	Run actions/download-artifact@v4	2026-10-04T05:05:40.0741098Z SHA256 digest of downloaded artifact is 87e6401bb695636592d2d61f512d23996e72cc7f843442be11743e776cc2b8d0
compare (3)	Run actions/download-artifact@v4	2026-10-04T05:05:40.0743050Z Artifact download completed successfully.
compare (3)	Run actions/download-artifact@v4	2026-10-04T05:05:40.0744034Z Total of 1 artifact(s) downloaded
compare (3)	Run actions/download-artifact@v4	2026-10-04T05:05:40.0749329Z Download artifact has finished successfully
compare (3)	Restore locked Linux bytes, not per-host rebuilds	﻿2026-10-04T05:05:40.0862573Z ##[group]Run mkdir -p .a0-m1-comparison
compare (3)	Restore locked Linux bytes, not per-host rebuilds	2026-10-04T05:05:40.0863219Z ^[[36;1mmkdir -p .a0-m1-comparison^[[0m
compare (3)	Restore locked Linux bytes, not per-host rebuilds	2026-10-04T05:05:40.0863797Z ^[[36;1mcp .a0-m1-download/.a0-m1-comparison/{ORIGIN,LOCK}.json .a0-m1-comparison/^[[0m
compare (3)	Restore locked Linux bytes, not per-host rebuilds	2026-10-04T05:05:40.0864318Z ^[[36;1mcp .a0-m1-download/wasm/*.wasm wasm/^[[0m
compare (3)	Restore locked Linux bytes, not per-host rebuilds	2026-10-04T05:05:40.0864702Z ^[[36;1mnpm ci --ignore-scripts^[[0m
compare (3)	Restore locked Linux bytes, not per-host rebuilds	2026-10-04T05:05:40.1157967Z shell: /usr/bin/bash -e {0}
compare (3)	Restore locked Linux bytes, not per-host rebuilds	2026-10-04T05:05:40.1158448Z ##[endgroup]
compare (3)	Restore locked Linux bytes, not per-host rebuilds	2026-10-04T05:05:40.5325402Z 
compare (3)	Restore locked Linux bytes, not per-host rebuilds	2026-10-04T05:05:40.5326974Z added 1 package, and audited 2 packages in 361ms
compare (3)	Restore locked Linux bytes, not per-host rebuilds	2026-10-04T05:05:40.5333068Z 
compare (3)	Restore locked Linux bytes, not per-host rebuilds	2026-10-04T05:05:40.5334265Z found 0 vulnerabilities
compare (3)	Run frozen adjacent100pairs/full requests on this host	﻿2026-10-04T05:05:40.5592066Z ##[group]Run group=/sys/fs/cgroup/a0-m1-compare-$GITHUB_RUN_ID-3
compare (3)	Run frozen adjacent100pairs/full requests on this host	2026-10-04T05:05:40.5593067Z ^[[36;1mgroup=/sys/fs/cgroup/a0-m1-compare-$GITHUB_RUN_ID-3^[[0m
compare (3)	Run frozen adjacent100pairs/full requests on this host	2026-10-04T05:05:40.5593512Z ^[[36;1msudo mkdir "$group"^[[0m
compare (3)	Run frozen adjacent100pairs/full requests on this host	2026-10-04T05:05:40.5593955Z ^[[36;1mecho '+memory' | sudo tee "$group/cgroup.subtree_control"^[[0m
compare (3)	Run frozen adjacent100pairs/full requests on this host	2026-10-04T05:05:40.5594546Z ^[[36;1mA0_CGROUP_ROOT="$group" node experiments/a0-m1-on-off-20261004/run.mjs 3^[[0m
compare (3)	Run frozen adjacent100pairs/full requests on this host	2026-10-04T05:05:40.5638274Z shell: /usr/bin/bash -e {0}
compare (3)	Run frozen adjacent100pairs/full requests on this host	2026-10-04T05:05:40.5638767Z ##[endgroup]
compare (3)	Run frozen adjacent100pairs/full requests on this host	2026-10-04T05:05:40.5821180Z +memory
compare (3)	Run frozen adjacent100pairs/full requests on this host	2026-10-04T05:05:56.3766270Z ##[error]Process completed with exit code 1.
compare (3)	Run actions/upload-artifact@v4	﻿2026-10-04T05:05:56.3862789Z ##[group]Run actions/upload-artifact@v4
compare (3)	Run actions/upload-artifact@v4	2026-10-04T05:05:56.3863442Z with:
compare (3)	Run actions/upload-artifact@v4	2026-10-04T05:05:56.3863892Z   name: a0-m1-on-off-host-3
compare (3)	Run actions/upload-artifact@v4	2026-10-04T05:05:56.3864407Z   path: .a0-m1-comparison/results/
compare (3)	Run actions/upload-artifact@v4	2026-10-04T05:05:56.3864969Z   include-hidden-files: true
compare (3)	Run actions/upload-artifact@v4	2026-10-04T05:05:56.3865530Z   if-no-files-found: error
compare (3)	Run actions/upload-artifact@v4	2026-10-04T05:05:56.3866054Z   retention-days: 7
compare (3)	Run actions/upload-artifact@v4	2026-10-04T05:05:56.3866495Z   compression-level: 6
compare (3)	Run actions/upload-artifact@v4	2026-10-04T05:05:56.3866924Z   overwrite: false
compare (3)	Run actions/upload-artifact@v4	2026-10-04T05:05:56.3867422Z ##[endgroup]
compare (3)	Run actions/upload-artifact@v4	2026-10-04T05:05:56.5539583Z (node:3008) [DEP0040] DeprecationWarning: The `punycode` module is deprecated. Please use a userland alternative instead.
compare (3)	Run actions/upload-artifact@v4	2026-10-04T05:05:56.5541002Z (Use `node --trace-deprecation ...` to show where the warning was created)
compare (3)	Run actions/upload-artifact@v4	2026-10-04T05:05:56.5626688Z With the provided path, there will be 5 files uploaded
compare (3)	Run actions/upload-artifact@v4	2026-10-04T05:05:56.5631521Z Artifact name is valid!
compare (3)	Run actions/upload-artifact@v4	2026-10-04T05:05:56.5632406Z Root directory input is valid!
compare (3)	Run actions/upload-artifact@v4	2026-10-04T05:05:56.8296406Z Beginning upload of artifact content to blob storage
compare (3)	Run actions/upload-artifact@v4	2026-10-04T05:05:56.8618380Z (node:3008) [DEP0169] DeprecationWarning: `url.parse()` behavior is not standardized and prone to errors that have security implications. Use the WHATWG URL API instead. CVEs are not issued for `url.parse()` vulnerabilities.
compare (3)	Run actions/upload-artifact@v4	2026-10-04T05:05:57.0299801Z Uploaded bytes 68379
compare (3)	Run actions/upload-artifact@v4	2026-10-04T05:05:57.0649563Z Finished uploading artifact content to blob storage!
compare (3)	Run actions/upload-artifact@v4	2026-10-04T05:05:57.0650854Z SHA256 digest of uploaded artifact zip is 39bea2edf8db29cd5cc024a8c5084bcd46e1ff5d36d2db1ded4257ba73ccd3f5
compare (3)	Run actions/upload-artifact@v4	2026-10-04T05:05:57.0652588Z Finalizing artifact upload
compare (3)	Run actions/upload-artifact@v4	2026-10-04T05:05:57.2555665Z Artifact a0-m1-on-off-host-3.zip successfully finalized. Artifact ID 11294251582
compare (3)	Run actions/upload-artifact@v4	2026-10-04T05:05:57.2556666Z Artifact a0-m1-on-off-host-3 has been successfully uploaded! Final size is 68379 bytes. Artifact ID is 11294251582
compare (3)	Run actions/upload-artifact@v4	2026-10-04T05:05:57.2562533Z Artifact download URL: https://github.com/Qnia28/sfinder_wasm/actions/runs/37178792683/artifacts/11294251582
compare (3)	Post Run actions/checkout@v4	﻿2026-10-04T05:05:57.2745597Z Post job cleanup.
compare (3)	Post Run actions/checkout@v4	2026-10-04T05:05:57.3587240Z [command]/usr/bin/git version
compare (3)	Post Run actions/checkout@v4	2026-10-04T05:05:57.3624474Z git version 2.55.0
compare (3)	Post Run actions/checkout@v4	2026-10-04T05:05:57.3657486Z Temporarily overriding HOME='/home/runner/work/_temp/bce461ca-9ec5-425e-a27e-9b32eb4f3623' before making global git config changes
compare (3)	Post Run actions/checkout@v4	2026-10-04T05:05:57.3659157Z Adding repository directory to the temporary git global config as a safe directory
compare (3)	Post Run actions/checkout@v4	2026-10-04T05:05:57.3663763Z [command]/usr/bin/git config --global --add safe.directory /home/runner/work/sfinder_wasm/sfinder_wasm
compare (3)	Post Run actions/checkout@v4	2026-10-04T05:05:57.3704596Z [command]/usr/bin/git config --local --name-only --get-regexp core\.sshCommand
compare (3)	Post Run actions/checkout@v4	2026-10-04T05:05:57.3739793Z [command]/usr/bin/git submodule foreach --recursive sh -c "git config --local --name-only --get-regexp 'core\.sshCommand' && git config --local --unset-all 'core.sshCommand' || :"
compare (3)	Post Run actions/checkout@v4	2026-10-04T05:05:57.3951608Z [command]/usr/bin/git config --local --name-only --get-regexp http\.https\:\/\/github\.com\/\.extraheader
compare (3)	Post Run actions/checkout@v4	2026-10-04T05:05:57.3980999Z http.https://github.com/.extraheader
compare (3)	Post Run actions/checkout@v4	2026-10-04T05:05:57.3991968Z [command]/usr/bin/git config --local --unset-all http.https://github.com/.extraheader
compare (3)	Post Run actions/checkout@v4	2026-10-04T05:05:57.4031632Z [command]/usr/bin/git submodule foreach --recursive sh -c "git config --local --name-only --get-regexp 'http\.https\:\/\/github\.com\/\.extraheader' && git config --local --unset-all 'http.https://github.com/.extraheader' || :"
compare (3)	Post Run actions/checkout@v4	2026-10-04T05:05:57.4245445Z [command]/usr/bin/git config --local --name-only --get-regexp ^includeIf\.gitdir:
compare (3)	Post Run actions/checkout@v4	2026-10-04T05:05:57.4278372Z [command]/usr/bin/git submodule foreach --recursive git config --local --show-origin --name-only --get-regexp remote.origin.url
compare (3)	Complete job	﻿2026-10-04T05:05:57.4645731Z Cleaning up orphan processes
compare (3)	Complete job	2026-10-04T05:05:57.4983419Z ##[warning]Node.js 20 is deprecated. The following actions target Node.js 20 but are being forced to run on Node.js 24: actions/checkout@v4, actions/download-artifact@v4, actions/setup-node@v4, actions/upload-artifact@v4. For more information see: https://github.blog/changelog/2025-09-19-deprecation-of-node-20-on-github-actions-runners/
